District,Locus,"2016
#Mut/N, (%)","2017
#Mut/N, (%)","2018
#Mut/N, (%)","2019
#Mut/N, (%)","2020
#Mut/N, (%)","2021
#Mut/N, (%)","2022
#Mut/N, (%)","Trend
p-value"
Agago,P441L,0/30 (0),0/42 (0),1/31 (3.2),0/46 (0),0/79 (0),0/54 (0),0/67 (0),0.42
,C469Y,0/30 (0),2/44 (4.5),1/31 (3.2),10/47 (21.3),33/79 (41.8),8/50 (16.0),19/67 (28.4),<0.0001
,A675V,0/31 (0),2/44 (4.5),1/35 (2.9),8/46 (17.4),13/79 (16.5),7/52 (13.5),9/68 (13.2),0.009
,C469F,0/30 (0),0/42 (0),0/30 (0),0/39 (0),0/79 (0),0/50 (0),0/64 (0),NA
,R561H,0/22 (0),0/44 (0),0/30 (0),0/48 (0),0/79 (0),0/43 (0),0/55 (0),NA
Amolatar,P441L,0/28 (0),0/48 (0),0/4 (0),0/26 (0),0/85 (0),0/49 (0),0/13 (0),NA
,C469Y,0/28 (0),2/49 (4.1),0/4 (0),0/28 (0),0/85 (0),0/48 (0),0/13 (0),0.10
,A675V,0/30 (0),0/49 (0),0/27 (0),0/27 (0),0/85 (0),1/50 (2.0),0/13 (0),0.27
,C469F,0/28 (0),0/48 (0),0/4 (0),0/17 (0),0/85 (0),0/48 (0),0/13 (0),NA
,R561H,0/13 (0),0/48 (0),0/11 (0),0/25 (0),0/85 (0),0/49 (0),0/13 (0),NA
Arua,P441L,0/31 (0),0/42 (0),0/20 (0),0/24 (0),0/81 (0),0/69 (0),1/76 (1.3),0.25
,C469Y,0/31 (0),0/45 (0),0/20 (0),0/24 (0),0/81 (0),2/68 (2.9),6/76 (7.9),0.003
,A675V,0/33 (0),1/45 (2.2),0/30 (0),1/29 (3.4),0/81 (0),1/68 (1.5),2/78 (2.6),0.52
,C469F,0/31 (0),0/43 (0),0/20 (0),0/10 (0),0/81 (0),0/68 (0),0/70 (0),NA
,R561H,0/29 (0),0/43 (0),0/24 (0),0/24 (0),0/81 (0),0/56 (0),0/67 (0),NA
Hoima,P441L,-,-,0/42 (0),1/79 (1.3),0/92 (0),0/82 (0),0/60 (0),0.36
,C469Y,-,-,0/42 (0),0/83 (0),8/92 (8.7),0/82 (0),0/60 (0),0.82
,A675V,-,-,0/45 (0),0/82 (0),6/92 (6.5),0/82 (0),14/63 (22.2),<0.0001
,C469F,-,-,1/42 (2.4),0/47 (0),0/92 (0),0/82 (0),0/60 (0),0.07
,R561H,-,-,0/42 (0),0/82 (0),0/92 (0),0/65 (0),0/53 (0),NA
Jinja,P441L,0/29 (0),0/48 (0),0/37 (0),0/89 (0),0/96 (0),0/95 (0),0/99 (0),NA
,C469Y,0/29 (0),0/48 (0),0/37 (0),0/91 (0),0/96 (0),0/95 (0),0/99 (0),NA
,A675V,0/29 (0),0/48 (0),0/40 (0),0/90 (0),0/96 (0),0/95 (0),1/99 (1.0),0.20
,C469F,0/29 (0),0/48 (0),0/37 (0),0/43 (0),0/96 (0),0/95 (0),0/99 (0),NA
,R561H,0/27 (0),0/48 (0),1/38 (2.6),0/89 (0),0/96 (0),0/74 (0),0/92 (0),0.35
Kaabong,P441L,-,-,0/30 (0),0/45 (0),0/75 (0),0/60 (0),0/64 (0),NA
,C469Y,-,-,2/30 (6.7),0/45 (0),13/75 (17.3),7/57 (12.3),10/64 (15.6),0.04
,A675V,-,-,3/34 (8.8),10/46 (21.7),14/75 (18.7),10/59 (16.9),4/68 (5.9),0.19
,C469F,-,-,0/29 (0),0/31 (0),0/75 (0),3/57 (5.3),0/60 (0),0.36
,R561H,-,-,0/30 (0),0/44 (0),0/75 (0),0/40 (0),0/54 (0),NA
Kanungu,P441L,0/37 (0),0/48 (0),0/36 (0),0/59 (0),2/91 (2.2),3/50 (6.0),15/65 (23.1),<0.0001
,C469Y,0/37 (0),0/48 (0),0/35 (0),0/64 (0),0/91 (0),0/46 (0),0/65 (0),NA
,A675V,0/37 (0),0/48 (0),0/38 (0),0/61 (0),0/94 (0),0/44 (0),2/64 (3.1),0.04
,C469F,0/37 (0),0/48 (0),1/36 (2.8),0/40 (0),4/91 (4.4),2/46 (4.3),0/65 (0),0.39
,R561H,0/37 (0),0/48 (0),0/36 (0),0/62 (0),0/91 (0),0/37 (0),1/51 (2.0),0.13
Kapchorwa,P441L,-,-,-,0/16 (0),-,0/77 (0),0/27 (0),NA
,C469Y,-,-,-,0/16 (0),-,1/77 (1.3),2/27 (7.4),0.11
,A675V,-,-,-,0/15 (0),-,3/71 (4.2),9/30 (30.0),0.0004
,C469F,-,-,-,0/16 (0),-,0/77 (0),0/26 (0),NA
,R561H,-,-,-,0/14 (0),-,0/69 (0),0/12 (0),NA
Kasese,P441L,-,-,0/19 (0),2/61 (3.3),2/89 (2.2),11/76 (14.5),14/91 (15.4),0.0001
,C469Y,-,-,0/19 (0),0/61 (0),0/89 (0),0/78 (0),8/91 (8.8),0.0002
,A675V,-,-,0/24 (0),0/64 (0),0/92 (0),0/75 (0),3/92 (3.3),0.02
,C469F,-,-,0/19 (0),0/39 (0),0/89 (0),0/78 (0),0/88 (0),NA
,R561H,-,-,0/17 (0),0/60 (0),0/90 (0),0/61 (0),0/85 (0),NA
Katakwi,P441L,-,-,0/40 (0),0/55 (0),2/87 (2.3),0/58 (0),0/78 (0),0.78
,C469Y,-,-,2/40 (5.0),3/61 (4.9),12/87 (13.8),7/58 (12.1),18/78 (23.1),0.0006
,A675V,-,-,1/45 (2.2),6/57 (10.5),6/88 (6.8),9/58 (15.5),14/75 (18.7),0.003
,C469F,-,-,0/40 (0),0/36 (0),0/86 (0),0/58 (0),0/68 (0),NA
,R561H,-,-,0/40 (0),0/57 (0),0/86 (0),0/41 (0),0/62 (0),NA
Koboko,P441L,-,-,0/23 (0),0/4 (0),0/55 (0),0/47 (0),0/48 (0),NA
,C469Y,-,-,0/23 (0),0/4 (0),2/55 (3.6),1/46 (2.2),1/48 (2.1),0.71
,A675V,-,-,0/34 (0),0/5 (0),5/64 (7.8),5/44 (11.4),6/47 (12.8),0.02
,C469F,-,-,0/23 (0),0/4 (0),0/54 (0),0/46 (0),0/47 (0),NA
,R561H,-,-,0/26 (0),0/3 (0),0/62 (0),0/27 (0),0/35 (0),NA
Kole,P441L,0/23 (0),0/46 (0),0/36 (0),0/56 (0),0/85 (0),0/56 (0),0/74 (0),NA
,C469Y,1/23 (4.3),1/47 (2.1),0/36 (0),3/56 (5.4),12/85 (14.1),0/54 (0),9/74 (12.2),0.04
,A675V,0/26 (0),1/47 (2.1),1/34 (2.9),2/60 (3.3),10/86 (11.6),2/58 (3.4),6/78 (7.7),0.06
,C469F,0/23 (0),0/47 (0),0/36 (0),0/39 (0),0/85 (0),0/54 (0),0/72 (0),NA
,R561H,0/22 (0),0/47 (0),0/36 (0),0/57 (0),0/84 (0),0/42 (0),0/37 (0),NA
Lamwo,P441L,0/33 (0),0/42 (0),0/34 (0),0/49 (0),0/84 (0),0/58 (0),0/53 (0),NA
,C469Y,3/33 (9.1),3/44 (6.8),8/34 (23.5),5/50 (10.0),28/84 (33.3),16/51 (31.4),11/53 (20.8),0.002
,A675V,2/37 (5.4),5/44 (11.4),1/36 (2.8),6/49 (12.2),16/84 (19.0),12/53 (22.6),8/53 (15.1),0.01
,C469F,0/31 (0),0/43 (0),0/31 (0),0/31 (0),0/84 (0),0/51 (0),0/46 (0),NA
,R561H,0/32 (0),0/44 (0),0/31 (0),0/50 (0),0/84 (0),0/42 (0),0/37 (0),NA
Mubende,P441L,0/22 (0),0/45 (0),0/38 (0),0/22 (0),1/88 (1.1),1/19 (5.3),6/52 (11.5),0.0004
,C469Y,0/26 (0),1/46 (2.2),0/36 (0),0/22 (0),3/88 (3.4),0/19 (0),0/52 (0),0.99
,A675V,0/28 (0),0/46 (0),0/41 (0),0/24 (0),6/87 (6.9),0/19 (0),6/53 (11.3),0.001
,C469F,0/26 (0),0/45 (0),4/38 (10.5),0/22 (0),0/88 (0),0/19 (0),0/52 (0),0.18
,R561H,0/26 (0),0/46 (0),0/38 (0),0/21 (0),0/88 (0),0/16 (0),0/53 (0),NA
Rukiga,P441L,0/35 (0),-,-,0/26 (0),0/39 (0),1/83 (1.2),0/60 (0),0.66
,C469Y,0/35 (0),-,-,0/26 (0),0/39 (0),0/72 (0),1/46 (2.2),0.29
,A675V,0/42 (0),-,-,1/21 (4.8),1/39 (2.6),2/82 (2.4),3/59 (5.1),0.19
,C469F,8/42 (19.0),-,-,0/14 (0),11/39 (28.2),29/72 (40.3),23/60 (38.3),0.005
,R561H,0/41 (0),-,-,0/23 (0),0/39 (0),11/67 (16.4),12/53 (22.6),0.0001
Tororo,P441L,0/34 (0),0/48 (0),0/31 (0),0/71 (0),0/40 (0),0/74 (0),0/51 (0),NA
,C469Y,0/34 (0),0/48 (0),0/31 (0),0/71 (0),0/40 (0),3/73 (4.1),5/51 (9.8),0.0006
,A675V,0/37 (0),1/48 (2.1),0/43 (0),0/73 (0),0/41 (0),3/74 (4.1),9/57 (15.8),0.0001
,C469F,1/35 (2.9),1/48 (2.1),0/31 (0),0/44 (0),0/40 (0),0/73 (0),0/48 (0),0.056
,R561H,0/34 (0),0/48 (0),0/32 (0),0/70 (0),0/41 (0),0/66 (0),0/39 (0),NA
