"id","site","mutation_name","merge_ref_umi_count","merge_alt_umi_count","merge_coverage","genotype","sanger_geno","all_geno","match"
"AG-01-04","AG","k13-Ala675Val",294,0,294,0,NA,0,NA
"AG-01-04","AG","k13-Arg561His",145,0,145,0,NA,0,NA
"AG-01-04","AG","k13-Cys469Phe",200,0,200,0,NA,0,NA
"AG-01-04","AG","k13-Cys469Tyr",200,0,200,0,NA,0,NA
"AG-01-06","AG","k13-Ala675Val",477,0,477,0,NA,0,NA
"AG-01-06","AG","k13-Arg561His",247,0,247,0,NA,0,NA
"AG-01-06","AG","k13-Cys469Phe",0,0,321,NA,NA,NA,NA
"AG-01-06","AG","k13-Cys469Tyr",0,321,321,2,NA,2,NA
"AG-01-08","AG","k13-Ala675Val",42,0,42,0,NA,0,NA
"AG-01-08","AG","k13-Arg561His",22,0,22,0,NA,0,NA
"AG-01-08","AG","k13-Cys469Phe",17,0,17,0,NA,0,NA
"AG-01-08","AG","k13-Cys469Tyr",17,0,17,0,NA,0,NA
"AG-01-10","AG","k13-Ala675Val",0,0,0,NA,NA,NA,NA
"AG-01-10","AG","k13-Arg561His",1,0,1,NA,NA,NA,NA
"AG-01-10","AG","k13-Cys469Phe",0,0,0,NA,NA,NA,NA
"AG-01-10","AG","k13-Cys469Tyr",0,0,0,NA,NA,NA,NA
"AG-01-12","AG","k13-Ala675Val",0,0,0,NA,NA,NA,NA
"AG-01-12","AG","k13-Arg561His",0,0,0,NA,NA,NA,NA
"AG-01-12","AG","k13-Cys469Phe",0,0,0,NA,NA,NA,NA
"AG-01-12","AG","k13-Cys469Tyr",0,0,0,NA,NA,NA,NA
"AG-01-13","AG","k13-Ala675Val",0,0,0,NA,NA,NA,NA
"AG-01-13","AG","k13-Arg561His",0,0,0,NA,NA,NA,NA
"AG-01-13","AG","k13-Cys469Phe",0,0,0,NA,NA,NA,NA
"AG-01-13","AG","k13-Cys469Tyr",0,0,0,NA,NA,NA,NA
"AG-01-14","AG","k13-Ala675Val",10,0,10,0,NA,0,NA
"AG-01-14","AG","k13-Arg561His",10,0,10,0,NA,0,NA
"AG-01-14","AG","k13-Cys469Phe",6,0,6,0,NA,0,NA
"AG-01-14","AG","k13-Cys469Tyr",6,0,6,0,NA,0,NA
"AG-01-15","AG","k13-Ala675Val",210,0,210,0,NA,0,NA
"AG-01-15","AG","k13-Arg561His",132,0,132,0,NA,0,NA
"AG-01-15","AG","k13-Cys469Phe",158,0,158,0,NA,0,NA
"AG-01-15","AG","k13-Cys469Tyr",158,0,158,0,NA,0,NA
"AG-01-16","AG","k13-Ala675Val",418,0,418,0,NA,0,NA
"AG-01-16","AG","k13-Arg561His",199,0,199,0,NA,0,NA
"AG-01-16","AG","k13-Cys469Phe",23,0,281,0,NA,0,NA
"AG-01-16","AG","k13-Cys469Tyr",23,258,281,1,NA,1,NA
"AG-01-17","AG","k13-Ala675Val",1173,0,1173,0,NA,0,NA
"AG-01-17","AG","k13-Arg561His",796,0,796,0,NA,0,NA
"AG-01-17","AG","k13-Cys469Phe",896,0,896,0,NA,0,NA
"AG-01-17","AG","k13-Cys469Tyr",896,0,896,0,NA,0,NA
"AG-01-19","AG","k13-Ala675Val",149,0,149,0,NA,0,NA
"AG-01-19","AG","k13-Arg561His",84,0,84,0,NA,0,NA
"AG-01-19","AG","k13-Cys469Phe",100,0,100,0,NA,0,NA
"AG-01-19","AG","k13-Cys469Tyr",100,0,100,0,NA,0,NA
"AG-01-20","AG","k13-Ala675Val",6,0,6,0,NA,0,NA
"AG-01-20","AG","k13-Arg561His",3,0,3,NA,NA,NA,NA
"AG-01-20","AG","k13-Cys469Phe",0,0,0,NA,NA,NA,NA
"AG-01-20","AG","k13-Cys469Tyr",-3,3,0,NA,NA,NA,NA
"AG-01-21","AG","k13-Ala675Val",384,0,384,0,NA,0,NA
"AG-01-21","AG","k13-Arg561His",203,0,203,0,NA,0,NA
"AG-01-21","AG","k13-Cys469Phe",261,0,261,0,NA,0,NA
"AG-01-21","AG","k13-Cys469Tyr",261,0,261,0,NA,0,NA
"AG-01-22","AG","k13-Ala675Val",4,0,4,NA,NA,NA,NA
"AG-01-22","AG","k13-Arg561His",0,0,0,NA,NA,NA,NA
"AG-01-22","AG","k13-Cys469Phe",0,0,0,NA,NA,NA,NA
"AG-01-22","AG","k13-Cys469Tyr",0,0,0,NA,NA,NA,NA
"AG-01-23","AG","k13-Ala675Val",0,0,0,NA,NA,NA,NA
"AG-01-23","AG","k13-Arg561His",0,0,0,NA,NA,NA,NA
"AG-01-23","AG","k13-Cys469Phe",0,0,0,NA,NA,NA,NA
"AG-01-23","AG","k13-Cys469Tyr",0,0,0,NA,NA,NA,NA
"AG-01-25","AG","k13-Ala675Val",0,0,0,NA,NA,NA,NA
"AG-01-25","AG","k13-Arg561His",0,0,0,NA,NA,NA,NA
"AG-01-25","AG","k13-Cys469Phe",0,0,0,NA,NA,NA,NA
"AG-01-25","AG","k13-Cys469Tyr",0,0,0,NA,NA,NA,NA
"AG-01-26","AG","k13-Ala675Val",19,0,19,0,NA,0,NA
"AG-01-26","AG","k13-Arg561His",8,0,8,0,NA,0,NA
"AG-01-26","AG","k13-Cys469Phe",15,0,15,0,NA,0,NA
"AG-01-26","AG","k13-Cys469Tyr",15,0,15,0,NA,0,NA
"AG-01-27","AG","k13-Ala675Val",212,0,212,0,NA,0,NA
"AG-01-27","AG","k13-Arg561His",98,0,98,0,NA,0,NA
"AG-01-27","AG","k13-Cys469Phe",133,0,133,0,NA,0,NA
"AG-01-27","AG","k13-Cys469Tyr",133,0,133,0,NA,0,NA
"AG-01-28","AG","k13-Ala675Val",1108,0,1108,0,NA,0,NA
"AG-01-28","AG","k13-Arg561His",535,0,535,0,NA,0,NA
"AG-01-28","AG","k13-Cys469Phe",764,0,764,0,NA,0,NA
"AG-01-28","AG","k13-Cys469Tyr",764,0,764,0,NA,0,NA
"AG-01-32","AG","k13-Ala675Val",0,0,0,NA,NA,NA,NA
"AG-01-32","AG","k13-Arg561His",0,0,0,NA,NA,NA,NA
"AG-01-32","AG","k13-Cys469Phe",1,0,1,NA,NA,NA,NA
"AG-01-32","AG","k13-Cys469Tyr",1,0,1,NA,NA,NA,NA
"AG-01-35","AG","k13-Ala675Val",2403,0,2403,0,NA,0,NA
"AG-01-35","AG","k13-Arg561His",1212,0,1212,0,NA,0,NA
"AG-01-35","AG","k13-Cys469Phe",1621,0,1621,0,NA,0,NA
"AG-01-35","AG","k13-Cys469Tyr",0,1621,1621,2,NA,2,NA
"AG-01-36","AG","k13-Ala675Val",0,0,0,NA,NA,NA,NA
"AG-01-36","AG","k13-Arg561His",0,0,0,NA,NA,NA,NA
"AG-01-36","AG","k13-Cys469Phe",0,0,0,NA,NA,NA,NA
"AG-01-36","AG","k13-Cys469Tyr",0,0,0,NA,NA,NA,NA
"AG-01-37","AG","k13-Ala675Val",1,0,1,NA,NA,NA,NA
"AG-01-37","AG","k13-Arg561His",1,0,1,NA,NA,NA,NA
"AG-01-37","AG","k13-Cys469Phe",1,0,1,NA,NA,NA,NA
"AG-01-37","AG","k13-Cys469Tyr",1,0,1,NA,NA,NA,NA
"AG-01-38","AG","k13-Ala675Val",0,0,0,NA,NA,NA,NA
"AG-01-38","AG","k13-Arg561His",2,0,2,NA,NA,NA,NA
"AG-01-38","AG","k13-Cys469Phe",1,0,1,NA,NA,NA,NA
"AG-01-38","AG","k13-Cys469Tyr",1,0,1,NA,NA,NA,NA
"AG-01-39","AG","k13-Ala675Val",58,0,58,0,NA,0,NA
"AG-01-39","AG","k13-Arg561His",22,0,22,0,NA,0,NA
"AG-01-39","AG","k13-Cys469Phe",34,0,34,0,NA,0,NA
"AG-01-39","AG","k13-Cys469Tyr",34,0,34,0,NA,0,NA
"AG-01-40","AG","k13-Ala675Val",22,0,22,0,NA,0,NA
"AG-01-40","AG","k13-Arg561His",14,0,14,0,NA,0,NA
"AG-01-40","AG","k13-Cys469Phe",10,0,10,0,NA,0,NA
"AG-01-40","AG","k13-Cys469Tyr",10,0,10,0,NA,0,NA
"AG-01-41","AG","k13-Ala675Val",973,0,973,0,NA,0,NA
"AG-01-41","AG","k13-Arg561His",475,0,475,0,NA,0,NA
"AG-01-41","AG","k13-Cys469Phe",567,0,567,0,NA,0,NA
"AG-01-41","AG","k13-Cys469Tyr",355,212,567,1,NA,1,NA
"AG-01-42","AG","k13-Ala675Val",60,655,715,1,NA,1,NA
"AG-01-42","AG","k13-Arg561His",308,0,308,0,NA,0,NA
"AG-01-42","AG","k13-Cys469Phe",423,0,423,0,NA,0,NA
"AG-01-42","AG","k13-Cys469Tyr",423,0,423,0,NA,0,NA
"AG-01-43","AG","k13-Ala675Val",0,0,0,NA,NA,NA,NA
"AG-01-43","AG","k13-Arg561His",0,0,0,NA,NA,NA,NA
"AG-01-43","AG","k13-Cys469Phe",0,0,0,NA,NA,NA,NA
"AG-01-43","AG","k13-Cys469Tyr",0,0,0,NA,NA,NA,NA
"AG-01-44","AG","k13-Ala675Val",1592,0,1592,0,NA,0,NA
"AG-01-44","AG","k13-Arg561His",820,0,820,0,NA,0,NA
"AG-01-44","AG","k13-Cys469Phe",982,0,982,0,NA,0,NA
"AG-01-44","AG","k13-Cys469Tyr",982,0,982,0,NA,0,NA
"AG-01-45","AG","k13-Ala675Val",1,0,1,NA,NA,NA,NA
"AG-01-45","AG","k13-Arg561His",1,0,1,NA,NA,NA,NA
"AG-01-45","AG","k13-Cys469Phe",2,0,2,NA,NA,NA,NA
"AG-01-45","AG","k13-Cys469Tyr",2,0,2,NA,NA,NA,NA
"AG-01-46","AG","k13-Ala675Val",97,0,97,0,NA,0,NA
"AG-01-46","AG","k13-Arg561His",45,0,45,0,NA,0,NA
"AG-01-46","AG","k13-Cys469Phe",56,0,56,0,NA,0,NA
"AG-01-46","AG","k13-Cys469Tyr",6,50,56,1,NA,1,NA
"AG-01-47","AG","k13-Ala675Val",85,6,91,1,NA,1,NA
"AG-01-47","AG","k13-Arg561His",54,0,54,0,NA,0,NA
"AG-01-47","AG","k13-Cys469Phe",51,0,51,0,NA,0,NA
"AG-01-47","AG","k13-Cys469Tyr",51,0,51,0,NA,0,NA
"AG-01-48","AG","k13-Ala675Val",106,0,106,0,NA,0,NA
"AG-01-48","AG","k13-Arg561His",38,0,38,0,NA,0,NA
"AG-01-48","AG","k13-Cys469Phe",38,0,38,0,NA,0,NA
"AG-01-48","AG","k13-Cys469Tyr",38,0,38,0,NA,0,NA
"AG-01-49","AG","k13-Ala675Val",1646,0,1646,0,NA,0,NA
"AG-01-49","AG","k13-Arg561His",692,0,692,0,NA,0,NA
"AG-01-49","AG","k13-Cys469Phe",962,0,962,0,NA,0,NA
"AG-01-49","AG","k13-Cys469Tyr",962,0,962,0,NA,0,NA
"AG-01-50","AG","k13-Ala675Val",513,0,513,0,NA,0,NA
"AG-01-50","AG","k13-Arg561His",284,0,284,0,NA,0,NA
"AG-01-50","AG","k13-Cys469Phe",292,0,292,0,NA,0,NA
"AG-01-50","AG","k13-Cys469Tyr",292,0,292,0,NA,0,NA
"AM-01-01","AM","k13-Ala675Val",0,0,0,NA,NA,NA,NA
"AM-01-01","AM","k13-Arg561His",0,0,0,NA,NA,NA,NA
"AM-01-01","AM","k13-Cys469Phe",0,0,0,NA,NA,NA,NA
"AM-01-01","AM","k13-Cys469Tyr",0,0,0,NA,NA,NA,NA
"AM-01-02","AM","k13-Ala675Val",99,0,99,0,NA,0,NA
"AM-01-02","AM","k13-Arg561His",69,0,69,0,NA,0,NA
"AM-01-02","AM","k13-Cys469Phe",63,0,63,0,NA,0,NA
"AM-01-02","AM","k13-Cys469Tyr",63,0,63,0,NA,0,NA
"AM-01-03","AM","k13-Ala675Val",136,0,136,0,NA,0,NA
"AM-01-03","AM","k13-Arg561His",100,0,100,0,NA,0,NA
"AM-01-03","AM","k13-Cys469Phe",104,0,104,0,NA,0,NA
"AM-01-03","AM","k13-Cys469Tyr",104,0,104,0,NA,0,NA
"AM-01-04","AM","k13-Ala675Val",2,0,2,NA,NA,NA,NA
"AM-01-04","AM","k13-Arg561His",1,0,1,NA,NA,NA,NA
"AM-01-04","AM","k13-Cys469Phe",0,0,0,NA,NA,NA,NA
"AM-01-04","AM","k13-Cys469Tyr",0,0,0,NA,NA,NA,NA
"AM-01-05","AM","k13-Ala675Val",1,0,1,NA,NA,NA,NA
"AM-01-05","AM","k13-Arg561His",0,0,0,NA,NA,NA,NA
"AM-01-05","AM","k13-Cys469Phe",0,0,0,NA,NA,NA,NA
"AM-01-05","AM","k13-Cys469Tyr",0,0,0,NA,NA,NA,NA
"AM-01-06","AM","k13-Ala675Val",1,0,1,NA,NA,NA,NA
"AM-01-06","AM","k13-Arg561His",1,0,1,NA,NA,NA,NA
"AM-01-06","AM","k13-Cys469Phe",0,0,0,NA,NA,NA,NA
"AM-01-06","AM","k13-Cys469Tyr",0,0,0,NA,NA,NA,NA
"AM-01-07","AM","k13-Ala675Val",0,0,0,NA,NA,NA,NA
"AM-01-07","AM","k13-Arg561His",0,0,0,NA,NA,NA,NA
"AM-01-07","AM","k13-Cys469Phe",0,0,0,NA,NA,NA,NA
"AM-01-07","AM","k13-Cys469Tyr",0,0,0,NA,NA,NA,NA
"AM-01-08","AM","k13-Ala675Val",893,0,893,0,NA,0,NA
"AM-01-08","AM","k13-Arg561His",679,0,679,0,NA,0,NA
"AM-01-08","AM","k13-Cys469Phe",669,0,669,0,NA,0,NA
"AM-01-08","AM","k13-Cys469Tyr",669,0,669,0,NA,0,NA
"AM-01-09","AM","k13-Ala675Val",1055,0,1055,0,NA,0,NA
"AM-01-09","AM","k13-Arg561His",678,0,678,0,NA,0,NA
"AM-01-09","AM","k13-Cys469Phe",805,0,805,0,NA,0,NA
"AM-01-09","AM","k13-Cys469Tyr",805,0,805,0,NA,0,NA
"AM-01-10","AM","k13-Ala675Val",34,0,34,0,NA,0,NA
"AM-01-10","AM","k13-Arg561His",26,0,26,0,NA,0,NA
"AM-01-10","AM","k13-Cys469Phe",29,0,29,0,NA,0,NA
"AM-01-10","AM","k13-Cys469Tyr",29,0,29,0,NA,0,NA
"AM-01-11","AM","k13-Ala675Val",0,0,0,NA,NA,NA,NA
"AM-01-11","AM","k13-Arg561His",0,0,0,NA,NA,NA,NA
"AM-01-11","AM","k13-Cys469Phe",0,0,0,NA,NA,NA,NA
"AM-01-11","AM","k13-Cys469Tyr",0,0,0,NA,NA,NA,NA
"AM-01-12","AM","k13-Ala675Val",360,0,360,0,NA,0,NA
"AM-01-12","AM","k13-Arg561His",270,0,270,0,NA,0,NA
"AM-01-12","AM","k13-Cys469Phe",309,0,309,0,NA,0,NA
"AM-01-12","AM","k13-Cys469Tyr",309,0,309,0,NA,0,NA
"AM-01-14","AM","k13-Ala675Val",28,0,28,0,NA,0,NA
"AM-01-14","AM","k13-Arg561His",18,0,18,0,NA,0,NA
"AM-01-14","AM","k13-Cys469Phe",22,0,22,0,NA,0,NA
"AM-01-14","AM","k13-Cys469Tyr",22,0,22,0,NA,0,NA
"AM-01-15","AM","k13-Ala675Val",0,0,0,NA,NA,NA,NA
"AM-01-15","AM","k13-Arg561His",0,0,0,NA,NA,NA,NA
"AM-01-15","AM","k13-Cys469Phe",0,0,0,NA,NA,NA,NA
"AM-01-15","AM","k13-Cys469Tyr",0,0,0,NA,NA,NA,NA
"AM-01-16","AM","k13-Ala675Val",618,0,618,0,NA,0,NA
"AM-01-16","AM","k13-Arg561His",495,0,495,0,NA,0,NA
"AM-01-16","AM","k13-Cys469Phe",450,0,450,0,NA,0,NA
"AM-01-16","AM","k13-Cys469Tyr",450,0,450,0,NA,0,NA
"AM-01-17","AM","k13-Ala675Val",1,0,1,NA,NA,NA,NA
"AM-01-17","AM","k13-Arg561His",0,0,0,NA,NA,NA,NA
"AM-01-17","AM","k13-Cys469Phe",0,0,0,NA,NA,NA,NA
"AM-01-17","AM","k13-Cys469Tyr",0,0,0,NA,NA,NA,NA
"AM-01-18","AM","k13-Ala675Val",0,0,0,NA,NA,NA,NA
"AM-01-18","AM","k13-Arg561His",0,0,0,NA,NA,NA,NA
"AM-01-18","AM","k13-Cys469Phe",0,0,0,NA,NA,NA,NA
"AM-01-18","AM","k13-Cys469Tyr",0,0,0,NA,NA,NA,NA
"AM-01-19","AM","k13-Ala675Val",462,0,462,0,NA,0,NA
"AM-01-19","AM","k13-Arg561His",445,0,445,0,NA,0,NA
"AM-01-19","AM","k13-Cys469Phe",406,0,406,0,NA,0,NA
"AM-01-19","AM","k13-Cys469Tyr",406,0,406,0,NA,0,NA
"AM-01-20","AM","k13-Ala675Val",0,0,0,NA,NA,NA,NA
"AM-01-20","AM","k13-Arg561His",0,0,0,NA,NA,NA,NA
"AM-01-20","AM","k13-Cys469Phe",0,0,0,NA,NA,NA,NA
"AM-01-20","AM","k13-Cys469Tyr",0,0,0,NA,NA,NA,NA
"AM-01-21","AM","k13-Ala675Val",20,0,20,0,NA,0,NA
"AM-01-21","AM","k13-Arg561His",15,0,15,0,NA,0,NA
"AM-01-21","AM","k13-Cys469Phe",20,0,20,0,NA,0,NA
"AM-01-21","AM","k13-Cys469Tyr",20,0,20,0,NA,0,NA
"AM-01-22","AM","k13-Ala675Val",0,0,0,NA,NA,NA,NA
"AM-01-22","AM","k13-Arg561His",0,0,0,NA,NA,NA,NA
"AM-01-22","AM","k13-Cys469Phe",0,0,0,NA,NA,NA,NA
"AM-01-22","AM","k13-Cys469Tyr",0,0,0,NA,NA,NA,NA
"AM-01-23","AM","k13-Ala675Val",0,0,0,NA,NA,NA,NA
"AM-01-23","AM","k13-Arg561His",0,0,0,NA,NA,NA,NA
"AM-01-23","AM","k13-Cys469Phe",0,0,0,NA,NA,NA,NA
"AM-01-23","AM","k13-Cys469Tyr",0,0,0,NA,NA,NA,NA
"AM-01-24","AM","k13-Ala675Val",1182,0,1182,0,NA,0,NA
"AM-01-24","AM","k13-Arg561His",725,0,725,0,NA,0,NA
"AM-01-24","AM","k13-Cys469Phe",875,0,875,0,NA,0,NA
"AM-01-24","AM","k13-Cys469Tyr",875,0,875,0,NA,0,NA
"AM-01-25","AM","k13-Ala675Val",0,0,0,NA,NA,NA,NA
"AM-01-25","AM","k13-Arg561His",0,0,0,NA,NA,NA,NA
"AM-01-25","AM","k13-Cys469Phe",0,0,0,NA,NA,NA,NA
"AM-01-25","AM","k13-Cys469Tyr",0,0,0,NA,NA,NA,NA
"AM-01-26","AM","k13-Ala675Val",4,0,4,NA,NA,NA,NA
"AM-01-26","AM","k13-Arg561His",0,0,0,NA,NA,NA,NA
"AM-01-26","AM","k13-Cys469Phe",0,0,0,NA,NA,NA,NA
"AM-01-26","AM","k13-Cys469Tyr",0,0,0,NA,NA,NA,NA
"AM-01-27","AM","k13-Ala675Val",39,0,39,0,NA,0,NA
"AM-01-27","AM","k13-Arg561His",30,0,30,0,NA,0,NA
"AM-01-27","AM","k13-Cys469Phe",32,0,32,0,NA,0,NA
"AM-01-27","AM","k13-Cys469Tyr",32,0,32,0,NA,0,NA
"AM-01-28","AM","k13-Ala675Val",32,0,32,0,NA,0,NA
"AM-01-28","AM","k13-Arg561His",28,0,28,0,NA,0,NA
"AM-01-28","AM","k13-Cys469Phe",26,0,26,0,NA,0,NA
"AM-01-28","AM","k13-Cys469Tyr",26,0,26,0,NA,0,NA
"AM-01-29","AM","k13-Ala675Val",561,0,561,0,NA,0,NA
"AM-01-29","AM","k13-Arg561His",454,0,454,0,NA,0,NA
"AM-01-29","AM","k13-Cys469Phe",503,0,503,0,NA,0,NA
"AM-01-29","AM","k13-Cys469Tyr",503,0,503,0,NA,0,NA
"AM-01-30","AM","k13-Ala675Val",0,0,0,NA,NA,NA,NA
"AM-01-30","AM","k13-Arg561His",0,0,0,NA,NA,NA,NA
"AM-01-30","AM","k13-Cys469Phe",0,0,0,NA,NA,NA,NA
"AM-01-30","AM","k13-Cys469Tyr",0,0,0,NA,NA,NA,NA
"AM-01-31","AM","k13-Ala675Val",26,0,26,0,NA,0,NA
"AM-01-31","AM","k13-Arg561His",25,0,25,0,NA,0,NA
"AM-01-31","AM","k13-Cys469Phe",18,0,18,0,NA,0,NA
"AM-01-31","AM","k13-Cys469Tyr",18,0,18,0,NA,0,NA
"AM-01-32","AM","k13-Ala675Val",116,0,116,0,NA,0,NA
"AM-01-32","AM","k13-Arg561His",59,0,59,0,NA,0,NA
"AM-01-32","AM","k13-Cys469Phe",75,0,75,0,NA,0,NA
"AM-01-32","AM","k13-Cys469Tyr",75,0,75,0,NA,0,NA
"AM-01-33","AM","k13-Ala675Val",2,0,2,NA,NA,NA,NA
"AM-01-33","AM","k13-Arg561His",0,0,0,NA,NA,NA,NA
"AM-01-33","AM","k13-Cys469Phe",0,0,0,NA,NA,NA,NA
"AM-01-33","AM","k13-Cys469Tyr",0,0,0,NA,NA,NA,NA
"AM-01-34","AM","k13-Ala675Val",1,0,1,NA,NA,NA,NA
"AM-01-34","AM","k13-Arg561His",0,0,0,NA,NA,NA,NA
"AM-01-34","AM","k13-Cys469Phe",0,0,0,NA,NA,NA,NA
"AM-01-34","AM","k13-Cys469Tyr",0,0,0,NA,NA,NA,NA
"AM-01-35","AM","k13-Ala675Val",1655,0,1655,0,NA,0,NA
"AM-01-35","AM","k13-Arg561His",1041,0,1041,0,NA,0,NA
"AM-01-35","AM","k13-Cys469Phe",1178,0,1178,0,NA,0,NA
"AM-01-35","AM","k13-Cys469Tyr",1178,0,1178,0,NA,0,NA
"AM-01-36","AM","k13-Ala675Val",0,0,0,NA,NA,NA,NA
"AM-01-36","AM","k13-Arg561His",0,0,0,NA,NA,NA,NA
"AM-01-36","AM","k13-Cys469Phe",0,0,0,NA,NA,NA,NA
"AM-01-36","AM","k13-Cys469Tyr",0,0,0,NA,NA,NA,NA
"AM-01-37","AM","k13-Ala675Val",0,0,0,NA,NA,NA,NA
"AM-01-37","AM","k13-Arg561His",0,0,0,NA,NA,NA,NA
"AM-01-37","AM","k13-Cys469Phe",2,0,2,NA,NA,NA,NA
"AM-01-37","AM","k13-Cys469Tyr",2,0,2,NA,NA,NA,NA
"AM-01-38","AM","k13-Ala675Val",27,0,27,0,NA,0,NA
"AM-01-38","AM","k13-Arg561His",25,0,25,0,NA,0,NA
"AM-01-38","AM","k13-Cys469Phe",27,0,27,0,NA,0,NA
"AM-01-38","AM","k13-Cys469Tyr",27,0,27,0,NA,0,NA
"AM-01-39","AM","k13-Ala675Val",396,0,396,0,NA,0,NA
"AM-01-39","AM","k13-Arg561His",346,0,346,0,NA,0,NA
"AM-01-39","AM","k13-Cys469Phe",316,0,316,0,NA,0,NA
"AM-01-39","AM","k13-Cys469Tyr",316,0,316,0,NA,0,NA
"AM-01-40","AM","k13-Ala675Val",159,0,159,0,NA,0,NA
"AM-01-40","AM","k13-Arg561His",166,0,166,0,NA,0,NA
"AM-01-40","AM","k13-Cys469Phe",129,0,129,0,NA,0,NA
"AM-01-40","AM","k13-Cys469Tyr",129,0,129,0,NA,0,NA
"AM-01-41","AM","k13-Ala675Val",133,0,133,0,NA,0,NA
"AM-01-41","AM","k13-Arg561His",89,0,89,0,NA,0,NA
"AM-01-41","AM","k13-Cys469Phe",81,0,81,0,NA,0,NA
"AM-01-41","AM","k13-Cys469Tyr",81,0,81,0,NA,0,NA
"AM-01-42","AM","k13-Ala675Val",7,0,7,0,NA,0,NA
"AM-01-42","AM","k13-Arg561His",10,0,10,0,NA,0,NA
"AM-01-42","AM","k13-Cys469Phe",7,0,7,0,NA,0,NA
"AM-01-42","AM","k13-Cys469Tyr",7,0,7,0,NA,0,NA
"AM-01-44","AM","k13-Ala675Val",598,0,598,0,NA,0,NA
"AM-01-44","AM","k13-Arg561His",546,0,546,0,NA,0,NA
"AM-01-44","AM","k13-Cys469Phe",457,0,457,0,NA,0,NA
"AM-01-44","AM","k13-Cys469Tyr",457,0,457,0,NA,0,NA
"AM-01-46","AM","k13-Ala675Val",0,0,0,NA,NA,NA,NA
"AM-01-46","AM","k13-Arg561His",0,0,0,NA,NA,NA,NA
"AM-01-46","AM","k13-Cys469Phe",0,0,0,NA,NA,NA,NA
"AM-01-46","AM","k13-Cys469Tyr",0,0,0,NA,NA,NA,NA
"AM-01-47","AM","k13-Ala675Val",0,0,0,NA,NA,NA,NA
"AM-01-47","AM","k13-Arg561His",0,0,0,NA,NA,NA,NA
"AM-01-47","AM","k13-Cys469Phe",0,0,0,NA,NA,NA,NA
"AM-01-47","AM","k13-Cys469Tyr",0,0,0,NA,NA,NA,NA
"AM-01-48","AM","k13-Ala675Val",0,0,0,NA,NA,NA,NA
"AM-01-48","AM","k13-Arg561His",0,0,0,NA,NA,NA,NA
"AM-01-48","AM","k13-Cys469Phe",0,0,0,NA,NA,NA,NA
"AM-01-48","AM","k13-Cys469Tyr",0,0,0,NA,NA,NA,NA
"AM-01-50","AM","k13-Ala675Val",0,0,0,NA,NA,NA,NA
"AM-01-50","AM","k13-Arg561His",0,0,0,NA,NA,NA,NA
"AM-01-50","AM","k13-Cys469Phe",0,0,0,NA,NA,NA,NA
"AM-01-50","AM","k13-Cys469Tyr",0,0,0,NA,NA,NA,NA
"AR-01-01","AR","k13-Ala675Val",0,0,0,NA,NA,NA,NA
"AR-01-01","AR","k13-Arg561His",0,0,0,NA,NA,NA,NA
"AR-01-01","AR","k13-Cys469Phe",0,0,0,NA,NA,NA,NA
"AR-01-01","AR","k13-Cys469Tyr",0,0,0,NA,NA,NA,NA
"AR-01-03","AR","k13-Ala675Val",0,0,0,NA,NA,NA,NA
"AR-01-03","AR","k13-Arg561His",1,0,1,NA,NA,NA,NA
"AR-01-03","AR","k13-Cys469Phe",1,0,1,NA,NA,NA,NA
"AR-01-03","AR","k13-Cys469Tyr",1,0,1,NA,NA,NA,NA
"AR-01-04","AR","k13-Ala675Val",8,0,8,0,NA,0,NA
"AR-01-04","AR","k13-Arg561His",4,0,4,NA,NA,NA,NA
"AR-01-04","AR","k13-Cys469Phe",0,0,0,NA,NA,NA,NA
"AR-01-04","AR","k13-Cys469Tyr",0,0,0,NA,NA,NA,NA
"AR-01-05","AR","k13-Ala675Val",160,0,160,0,NA,0,NA
"AR-01-05","AR","k13-Arg561His",172,0,172,0,NA,0,NA
"AR-01-05","AR","k13-Cys469Phe",139,0,139,0,NA,0,NA
"AR-01-05","AR","k13-Cys469Tyr",139,0,139,0,NA,0,NA
"AR-01-06","AR","k13-Ala675Val",353,0,353,0,NA,0,NA
"AR-01-06","AR","k13-Arg561His",291,0,291,0,NA,0,NA
"AR-01-06","AR","k13-Cys469Phe",253,0,253,0,NA,0,NA
"AR-01-06","AR","k13-Cys469Tyr",253,0,253,0,NA,0,NA
"AR-01-07","AR","k13-Ala675Val",4,0,4,NA,NA,NA,NA
"AR-01-07","AR","k13-Arg561His",5,0,5,NA,NA,NA,NA
"AR-01-07","AR","k13-Cys469Phe",3,0,3,NA,NA,NA,NA
"AR-01-07","AR","k13-Cys469Tyr",3,0,3,NA,NA,NA,NA
"AR-01-08","AR","k13-Ala675Val",10,0,10,0,NA,0,NA
"AR-01-08","AR","k13-Arg561His",75,0,75,0,NA,0,NA
"AR-01-08","AR","k13-Cys469Phe",9,0,9,0,NA,0,NA
"AR-01-08","AR","k13-Cys469Tyr",9,0,9,0,NA,0,NA
"AR-01-09","AR","k13-Ala675Val",636,0,636,0,NA,0,NA
"AR-01-09","AR","k13-Arg561His",650,0,650,0,NA,0,NA
"AR-01-09","AR","k13-Cys469Phe",479,0,479,0,NA,0,NA
"AR-01-09","AR","k13-Cys469Tyr",479,0,479,0,NA,0,NA
"AR-01-10","AR","k13-Ala675Val",2,0,2,NA,NA,NA,NA
"AR-01-10","AR","k13-Arg561His",3,0,3,NA,NA,NA,NA
"AR-01-10","AR","k13-Cys469Phe",3,0,3,NA,NA,NA,NA
"AR-01-10","AR","k13-Cys469Tyr",3,0,3,NA,NA,NA,NA
"AR-01-11","AR","k13-Ala675Val",158,0,158,0,NA,0,NA
"AR-01-11","AR","k13-Arg561His",92,0,92,0,NA,0,NA
"AR-01-11","AR","k13-Cys469Phe",93,0,93,0,NA,0,NA
"AR-01-11","AR","k13-Cys469Tyr",93,0,93,0,NA,0,NA
"AR-01-12","AR","k13-Ala675Val",14,0,14,0,NA,0,NA
"AR-01-12","AR","k13-Arg561His",7,0,7,0,NA,0,NA
"AR-01-12","AR","k13-Cys469Phe",5,0,5,NA,NA,NA,NA
"AR-01-12","AR","k13-Cys469Tyr",5,0,5,NA,NA,NA,NA
"AR-01-13","AR","k13-Ala675Val",764,0,764,0,NA,0,NA
"AR-01-13","AR","k13-Arg561His",528,0,528,0,NA,0,NA
"AR-01-13","AR","k13-Cys469Phe",571,0,571,0,NA,0,NA
"AR-01-13","AR","k13-Cys469Tyr",571,0,571,0,NA,0,NA
"AR-01-15","AR","k13-Ala675Val",0,0,0,NA,NA,NA,NA
"AR-01-15","AR","k13-Arg561His",0,0,0,NA,NA,NA,NA
"AR-01-15","AR","k13-Cys469Phe",0,0,0,NA,NA,NA,NA
"AR-01-15","AR","k13-Cys469Tyr",0,0,0,NA,NA,NA,NA
"AR-01-16","AR","k13-Ala675Val",36,0,36,0,NA,0,NA
"AR-01-16","AR","k13-Arg561His",22,0,22,0,NA,0,NA
"AR-01-16","AR","k13-Cys469Phe",26,0,26,0,NA,0,NA
"AR-01-16","AR","k13-Cys469Tyr",26,0,26,0,NA,0,NA
"AR-01-19","AR","k13-Ala675Val",67,0,67,0,NA,0,NA
"AR-01-19","AR","k13-Arg561His",103,0,103,0,NA,0,NA
"AR-01-19","AR","k13-Cys469Phe",78,0,78,0,NA,0,NA
"AR-01-19","AR","k13-Cys469Tyr",78,0,78,0,NA,0,NA
"AR-01-20","AR","k13-Ala675Val",0,0,0,NA,NA,NA,NA
"AR-01-20","AR","k13-Arg561His",1,0,1,NA,NA,NA,NA
"AR-01-20","AR","k13-Cys469Phe",0,0,0,NA,NA,NA,NA
"AR-01-20","AR","k13-Cys469Tyr",0,0,0,NA,NA,NA,NA
"AR-01-21","AR","k13-Ala675Val",194,0,194,0,NA,0,NA
"AR-01-21","AR","k13-Arg561His",568,0,568,0,NA,0,NA
"AR-01-21","AR","k13-Cys469Phe",159,0,159,0,NA,0,NA
"AR-01-21","AR","k13-Cys469Tyr",159,0,159,0,NA,0,NA
"AR-01-22","AR","k13-Ala675Val",13,0,13,0,NA,0,NA
"AR-01-22","AR","k13-Arg561His",36,0,36,0,NA,0,NA
"AR-01-22","AR","k13-Cys469Phe",11,0,11,0,NA,0,NA
"AR-01-22","AR","k13-Cys469Tyr",11,0,11,0,NA,0,NA
"AR-01-23","AR","k13-Ala675Val",57,0,57,0,NA,0,NA
"AR-01-23","AR","k13-Arg561His",152,0,152,0,NA,0,NA
"AR-01-23","AR","k13-Cys469Phe",33,0,33,0,NA,0,NA
"AR-01-23","AR","k13-Cys469Tyr",33,0,33,0,NA,0,NA
"AR-01-24","AR","k13-Ala675Val",5,0,5,NA,NA,NA,NA
"AR-01-24","AR","k13-Arg561His",2,0,2,NA,NA,NA,NA
"AR-01-24","AR","k13-Cys469Phe",6,0,6,0,NA,0,NA
"AR-01-24","AR","k13-Cys469Tyr",6,0,6,0,NA,0,NA
"AR-01-26","AR","k13-Ala675Val",1,0,1,NA,NA,NA,NA
"AR-01-26","AR","k13-Arg561His",0,0,0,NA,NA,NA,NA
"AR-01-26","AR","k13-Cys469Phe",0,0,0,NA,NA,NA,NA
"AR-01-26","AR","k13-Cys469Tyr",0,0,0,NA,NA,NA,NA
"AR-01-27","AR","k13-Ala675Val",37,0,37,0,NA,0,NA
"AR-01-27","AR","k13-Arg561His",21,0,21,0,NA,0,NA
"AR-01-27","AR","k13-Cys469Phe",26,0,26,0,NA,0,NA
"AR-01-27","AR","k13-Cys469Tyr",26,0,26,0,NA,0,NA
"AR-01-28","AR","k13-Ala675Val",6,0,6,0,NA,0,NA
"AR-01-28","AR","k13-Arg561His",2,0,2,NA,NA,NA,NA
"AR-01-28","AR","k13-Cys469Phe",0,0,0,NA,NA,NA,NA
"AR-01-28","AR","k13-Cys469Tyr",0,0,0,NA,NA,NA,NA
"AR-01-29","AR","k13-Ala675Val",33,0,33,0,NA,0,NA
"AR-01-29","AR","k13-Arg561His",30,0,30,0,NA,0,NA
"AR-01-29","AR","k13-Cys469Phe",29,0,29,0,NA,0,NA
"AR-01-29","AR","k13-Cys469Tyr",29,0,29,0,NA,0,NA
"AR-01-30","AR","k13-Ala675Val",2,0,2,NA,NA,NA,NA
"AR-01-30","AR","k13-Arg561His",2,0,2,NA,NA,NA,NA
"AR-01-30","AR","k13-Cys469Phe",0,0,0,NA,NA,NA,NA
"AR-01-30","AR","k13-Cys469Tyr",0,0,0,NA,NA,NA,NA
"AR-01-31","AR","k13-Ala675Val",98,0,98,0,NA,0,NA
"AR-01-31","AR","k13-Arg561His",83,0,83,0,NA,0,NA
"AR-01-31","AR","k13-Cys469Phe",78,0,78,0,NA,0,NA
"AR-01-31","AR","k13-Cys469Tyr",78,0,78,0,NA,0,NA
"AR-01-32","AR","k13-Ala675Val",198,0,198,0,NA,0,NA
"AR-01-32","AR","k13-Arg561His",175,0,175,0,NA,0,NA
"AR-01-32","AR","k13-Cys469Phe",164,0,164,0,NA,0,NA
"AR-01-32","AR","k13-Cys469Tyr",164,0,164,0,NA,0,NA
"AR-01-33","AR","k13-Ala675Val",101,0,101,0,NA,0,NA
"AR-01-33","AR","k13-Arg561His",118,0,118,0,NA,0,NA
"AR-01-33","AR","k13-Cys469Phe",117,0,117,0,NA,0,NA
"AR-01-33","AR","k13-Cys469Tyr",117,0,117,0,NA,0,NA
"AR-01-35","AR","k13-Ala675Val",0,0,0,NA,NA,NA,NA
"AR-01-35","AR","k13-Arg561His",0,0,0,NA,NA,NA,NA
"AR-01-35","AR","k13-Cys469Phe",0,0,0,NA,NA,NA,NA
"AR-01-35","AR","k13-Cys469Tyr",0,0,0,NA,NA,NA,NA
"AR-01-37","AR","k13-Ala675Val",297,0,297,0,NA,0,NA
"AR-01-37","AR","k13-Arg561His",229,0,229,0,NA,0,NA
"AR-01-37","AR","k13-Cys469Phe",254,0,254,0,NA,0,NA
"AR-01-37","AR","k13-Cys469Tyr",254,0,254,0,NA,0,NA
"AR-01-39","AR","k13-Ala675Val",1077,0,1077,0,NA,0,NA
"AR-01-39","AR","k13-Arg561His",768,0,768,0,NA,0,NA
"AR-01-39","AR","k13-Cys469Phe",609,0,609,0,NA,0,NA
"AR-01-39","AR","k13-Cys469Tyr",609,0,609,0,NA,0,NA
"AR-01-41","AR","k13-Ala675Val",1867,0,1867,0,NA,0,NA
"AR-01-41","AR","k13-Arg561His",948,0,948,0,NA,0,NA
"AR-01-41","AR","k13-Cys469Phe",1234,0,1234,0,NA,0,NA
"AR-01-41","AR","k13-Cys469Tyr",1234,0,1234,0,NA,0,NA
"AR-01-42","AR","k13-Ala675Val",1036,0,1036,0,NA,0,NA
"AR-01-42","AR","k13-Arg561His",602,0,602,0,NA,0,NA
"AR-01-42","AR","k13-Cys469Phe",684,0,684,0,NA,0,NA
"AR-01-42","AR","k13-Cys469Tyr",684,0,684,0,NA,0,NA
"AR-01-43","AR","k13-Ala675Val",894,0,894,0,NA,0,NA
"AR-01-43","AR","k13-Arg561His",720,0,720,0,NA,0,NA
"AR-01-43","AR","k13-Cys469Phe",597,0,597,0,NA,0,NA
"AR-01-43","AR","k13-Cys469Tyr",597,0,597,0,NA,0,NA
"AR-01-44","AR","k13-Ala675Val",0,0,0,NA,NA,NA,NA
"AR-01-44","AR","k13-Arg561His",0,0,0,NA,NA,NA,NA
"AR-01-44","AR","k13-Cys469Phe",0,0,0,NA,NA,NA,NA
"AR-01-44","AR","k13-Cys469Tyr",0,0,0,NA,NA,NA,NA
"AR-01-45","AR","k13-Ala675Val",0,0,0,NA,NA,NA,NA
"AR-01-45","AR","k13-Arg561His",0,0,0,NA,NA,NA,NA
"AR-01-45","AR","k13-Cys469Phe",0,0,0,NA,NA,NA,NA
"AR-01-45","AR","k13-Cys469Tyr",0,0,0,NA,NA,NA,NA
"AR-01-46","AR","k13-Ala675Val",0,0,0,NA,NA,NA,NA
"AR-01-46","AR","k13-Arg561His",1,0,1,NA,NA,NA,NA
"AR-01-46","AR","k13-Cys469Phe",0,0,0,NA,NA,NA,NA
"AR-01-46","AR","k13-Cys469Tyr",0,0,0,NA,NA,NA,NA
"AR-01-50","AR","k13-Ala675Val",22,0,22,0,NA,0,NA
"AR-01-50","AR","k13-Arg561His",103,0,103,0,NA,0,NA
"AR-01-50","AR","k13-Cys469Phe",18,0,18,0,NA,0,NA
"AR-01-50","AR","k13-Cys469Tyr",18,0,18,0,NA,0,NA
"AR-01-52","AR","k13-Ala675Val",31,0,31,0,NA,0,NA
"AR-01-52","AR","k13-Arg561His",37,0,37,0,NA,0,NA
"AR-01-52","AR","k13-Cys469Phe",49,0,49,0,NA,0,NA
"AR-01-52","AR","k13-Cys469Tyr",49,0,49,0,NA,0,NA
"JI-01-02","JI","k13-Ala675Val",3981,0,3981,0,NA,0,NA
"JI-01-02","JI","k13-Arg561His",1995,0,1995,0,NA,0,NA
"JI-01-02","JI","k13-Cys469Phe",1990,0,1990,0,NA,0,NA
"JI-01-02","JI","k13-Cys469Tyr",1990,0,1990,0,NA,0,NA
"JI-01-03","JI","k13-Ala675Val",0,0,0,NA,NA,NA,NA
"JI-01-03","JI","k13-Arg561His",0,0,0,NA,NA,NA,NA
"JI-01-03","JI","k13-Cys469Phe",0,0,0,NA,NA,NA,NA
"JI-01-03","JI","k13-Cys469Tyr",0,0,0,NA,NA,NA,NA
"JI-01-06","JI","k13-Ala675Val",21,0,21,0,NA,0,NA
"JI-01-06","JI","k13-Arg561His",7,0,7,0,NA,0,NA
"JI-01-06","JI","k13-Cys469Phe",6,0,6,0,NA,0,NA
"JI-01-06","JI","k13-Cys469Tyr",6,0,6,0,NA,0,NA
"JI-01-07","JI","k13-Ala675Val",0,0,0,NA,NA,NA,NA
"JI-01-07","JI","k13-Arg561His",0,0,0,NA,NA,NA,NA
"JI-01-07","JI","k13-Cys469Phe",0,0,0,NA,NA,NA,NA
"JI-01-07","JI","k13-Cys469Tyr",0,0,0,NA,NA,NA,NA
"JI-01-08","JI","k13-Ala675Val",1787,0,1787,0,NA,0,NA
"JI-01-08","JI","k13-Arg561His",1215,0,1215,0,NA,0,NA
"JI-01-08","JI","k13-Cys469Phe",1322,0,1322,0,NA,0,NA
"JI-01-08","JI","k13-Cys469Tyr",1322,0,1322,0,NA,0,NA
"JI-01-09","JI","k13-Ala675Val",380,0,380,0,NA,0,NA
"JI-01-09","JI","k13-Arg561His",271,0,271,0,NA,0,NA
"JI-01-09","JI","k13-Cys469Phe",284,0,284,0,NA,0,NA
"JI-01-09","JI","k13-Cys469Tyr",284,0,284,0,NA,0,NA
"JI-01-10","JI","k13-Ala675Val",0,0,0,NA,NA,NA,NA
"JI-01-10","JI","k13-Arg561His",0,0,0,NA,NA,NA,NA
"JI-01-10","JI","k13-Cys469Phe",0,0,0,NA,NA,NA,NA
"JI-01-10","JI","k13-Cys469Tyr",0,0,0,NA,NA,NA,NA
"JI-01-11","JI","k13-Ala675Val",292,0,292,0,NA,0,NA
"JI-01-11","JI","k13-Arg561His",114,0,114,0,NA,0,NA
"JI-01-11","JI","k13-Cys469Phe",151,0,151,0,NA,0,NA
"JI-01-11","JI","k13-Cys469Tyr",151,0,151,0,NA,0,NA
"JI-01-13","JI","k13-Ala675Val",5,0,5,NA,NA,NA,NA
"JI-01-13","JI","k13-Arg561His",6,0,6,0,NA,0,NA
"JI-01-13","JI","k13-Cys469Phe",8,0,8,0,NA,0,NA
"JI-01-13","JI","k13-Cys469Tyr",8,0,8,0,NA,0,NA
"JI-01-14","JI","k13-Ala675Val",2,0,2,NA,NA,NA,NA
"JI-01-14","JI","k13-Arg561His",1,0,1,NA,NA,NA,NA
"JI-01-14","JI","k13-Cys469Phe",0,0,0,NA,NA,NA,NA
"JI-01-14","JI","k13-Cys469Tyr",0,0,0,NA,NA,NA,NA
"JI-01-15","JI","k13-Ala675Val",91,0,91,0,NA,0,NA
"JI-01-15","JI","k13-Arg561His",47,0,47,0,NA,0,NA
"JI-01-15","JI","k13-Cys469Phe",46,0,46,0,NA,0,NA
"JI-01-15","JI","k13-Cys469Tyr",46,0,46,0,NA,0,NA
"JI-01-16","JI","k13-Ala675Val",3,0,3,NA,NA,NA,NA
"JI-01-16","JI","k13-Arg561His",1,0,1,NA,NA,NA,NA
"JI-01-16","JI","k13-Cys469Phe",2,0,2,NA,NA,NA,NA
"JI-01-16","JI","k13-Cys469Tyr",2,0,2,NA,NA,NA,NA
"JI-01-17","JI","k13-Ala675Val",1,0,1,NA,NA,NA,NA
"JI-01-17","JI","k13-Arg561His",0,0,0,NA,NA,NA,NA
"JI-01-17","JI","k13-Cys469Phe",0,0,0,NA,NA,NA,NA
"JI-01-17","JI","k13-Cys469Tyr",0,0,0,NA,NA,NA,NA
"JI-01-18","JI","k13-Ala675Val",243,0,243,0,NA,0,NA
"JI-01-18","JI","k13-Arg561His",108,0,108,0,NA,0,NA
"JI-01-18","JI","k13-Cys469Phe",139,0,139,0,NA,0,NA
"JI-01-18","JI","k13-Cys469Tyr",139,0,139,0,NA,0,NA
"JI-01-19","JI","k13-Ala675Val",54,0,54,0,NA,0,NA
"JI-01-19","JI","k13-Arg561His",60,0,60,0,NA,0,NA
"JI-01-19","JI","k13-Cys469Phe",53,0,53,0,NA,0,NA
"JI-01-19","JI","k13-Cys469Tyr",53,0,53,0,NA,0,NA
"JI-01-20","JI","k13-Ala675Val",31,0,31,0,NA,0,NA
"JI-01-20","JI","k13-Arg561His",20,0,20,0,NA,0,NA
"JI-01-20","JI","k13-Cys469Phe",19,0,19,0,NA,0,NA
"JI-01-20","JI","k13-Cys469Tyr",19,0,19,0,NA,0,NA
"JI-01-22","JI","k13-Ala675Val",3972,0,3972,0,NA,0,NA
"JI-01-22","JI","k13-Arg561His",1859,0,1859,0,NA,0,NA
"JI-01-22","JI","k13-Cys469Phe",1990,0,1990,0,NA,0,NA
"JI-01-22","JI","k13-Cys469Tyr",1990,0,1990,0,NA,0,NA
"JI-01-23","JI","k13-Ala675Val",254,0,254,0,NA,0,NA
"JI-01-23","JI","k13-Arg561His",116,0,116,0,NA,0,NA
"JI-01-23","JI","k13-Cys469Phe",139,0,139,0,NA,0,NA
"JI-01-23","JI","k13-Cys469Tyr",139,0,139,0,NA,0,NA
"JI-01-24","JI","k13-Ala675Val",39,0,39,0,NA,0,NA
"JI-01-24","JI","k13-Arg561His",19,0,19,0,NA,0,NA
"JI-01-24","JI","k13-Cys469Phe",29,0,29,0,NA,0,NA
"JI-01-24","JI","k13-Cys469Tyr",29,0,29,0,NA,0,NA
"JI-01-25","JI","k13-Ala675Val",17,0,17,0,NA,0,NA
"JI-01-25","JI","k13-Arg561His",15,0,15,0,NA,0,NA
"JI-01-25","JI","k13-Cys469Phe",13,0,13,0,NA,0,NA
"JI-01-25","JI","k13-Cys469Tyr",13,0,13,0,NA,0,NA
"JI-01-26","JI","k13-Ala675Val",461,0,461,0,NA,0,NA
"JI-01-26","JI","k13-Arg561His",199,0,199,0,NA,0,NA
"JI-01-26","JI","k13-Cys469Phe",258,0,258,0,NA,0,NA
"JI-01-26","JI","k13-Cys469Tyr",258,0,258,0,NA,0,NA
"JI-01-27","JI","k13-Ala675Val",1792,0,1792,0,NA,0,NA
"JI-01-27","JI","k13-Arg561His",690,0,690,0,NA,0,NA
"JI-01-27","JI","k13-Cys469Phe",917,0,917,0,NA,0,NA
"JI-01-27","JI","k13-Cys469Tyr",917,0,917,0,NA,0,NA
"JI-01-28","JI","k13-Ala675Val",166,0,166,0,NA,0,NA
"JI-01-28","JI","k13-Arg561His",64,0,64,0,NA,0,NA
"JI-01-28","JI","k13-Cys469Phe",105,0,105,0,NA,0,NA
"JI-01-28","JI","k13-Cys469Tyr",105,0,105,0,NA,0,NA
"JI-01-29","JI","k13-Ala675Val",1270,0,1270,0,NA,0,NA
"JI-01-29","JI","k13-Arg561His",594,0,594,0,NA,0,NA
"JI-01-29","JI","k13-Cys469Phe",816,0,816,0,NA,0,NA
"JI-01-29","JI","k13-Cys469Tyr",816,0,816,0,NA,0,NA
"JI-01-30","JI","k13-Ala675Val",5,0,5,NA,NA,NA,NA
"JI-01-30","JI","k13-Arg561His",1,0,1,NA,NA,NA,NA
"JI-01-30","JI","k13-Cys469Phe",0,0,0,NA,NA,NA,NA
"JI-01-30","JI","k13-Cys469Tyr",0,0,0,NA,NA,NA,NA
"JI-01-32","JI","k13-Ala675Val",147,0,147,0,NA,0,NA
"JI-01-32","JI","k13-Arg561His",67,0,67,0,NA,0,NA
"JI-01-32","JI","k13-Cys469Phe",103,0,103,0,NA,0,NA
"JI-01-32","JI","k13-Cys469Tyr",103,0,103,0,NA,0,NA
"JI-01-33","JI","k13-Ala675Val",3031,0,3031,0,NA,0,NA
"JI-01-33","JI","k13-Arg561His",1862,0,1862,0,NA,0,NA
"JI-01-33","JI","k13-Cys469Phe",1991,0,1991,0,NA,0,NA
"JI-01-33","JI","k13-Cys469Tyr",1991,0,1991,0,NA,0,NA
"JI-01-36","JI","k13-Ala675Val",1046,0,1046,0,NA,0,NA
"JI-01-36","JI","k13-Arg561His",560,0,560,0,NA,0,NA
"JI-01-36","JI","k13-Cys469Phe",631,0,631,0,NA,0,NA
"JI-01-36","JI","k13-Cys469Tyr",631,0,631,0,NA,0,NA
"JI-01-37","JI","k13-Ala675Val",11,0,11,0,NA,0,NA
"JI-01-37","JI","k13-Arg561His",97,0,97,0,NA,0,NA
"JI-01-37","JI","k13-Cys469Phe",5,0,5,NA,NA,NA,NA
"JI-01-37","JI","k13-Cys469Tyr",5,0,5,NA,NA,NA,NA
"JI-01-38","JI","k13-Ala675Val",90,0,90,0,NA,0,NA
"JI-01-38","JI","k13-Arg561His",81,0,81,0,NA,0,NA
"JI-01-38","JI","k13-Cys469Phe",84,0,84,0,NA,0,NA
"JI-01-38","JI","k13-Cys469Tyr",84,0,84,0,NA,0,NA
"JI-01-39","JI","k13-Ala675Val",907,0,907,0,NA,0,NA
"JI-01-39","JI","k13-Arg561His",429,0,429,0,NA,0,NA
"JI-01-39","JI","k13-Cys469Phe",499,0,499,0,NA,0,NA
"JI-01-39","JI","k13-Cys469Tyr",499,0,499,0,NA,0,NA
"JI-01-40","JI","k13-Ala675Val",269,0,269,0,NA,0,NA
"JI-01-40","JI","k13-Arg561His",127,0,127,0,NA,0,NA
"JI-01-40","JI","k13-Cys469Phe",178,0,178,0,NA,0,NA
"JI-01-40","JI","k13-Cys469Tyr",178,0,178,0,NA,0,NA
"JI-01-41","JI","k13-Ala675Val",1204,0,1204,0,NA,0,NA
"JI-01-41","JI","k13-Arg561His",545,0,545,0,NA,0,NA
"JI-01-41","JI","k13-Cys469Phe",640,0,640,0,NA,0,NA
"JI-01-41","JI","k13-Cys469Tyr",640,0,640,0,NA,0,NA
"JI-01-42","JI","k13-Ala675Val",655,0,655,0,NA,0,NA
"JI-01-42","JI","k13-Arg561His",289,0,289,0,NA,0,NA
"JI-01-42","JI","k13-Cys469Phe",330,0,330,0,NA,0,NA
"JI-01-42","JI","k13-Cys469Tyr",330,0,330,0,NA,0,NA
"JI-01-43","JI","k13-Ala675Val",168,0,168,0,NA,0,NA
"JI-01-43","JI","k13-Arg561His",136,0,136,0,NA,0,NA
"JI-01-43","JI","k13-Cys469Phe",147,0,147,0,NA,0,NA
"JI-01-43","JI","k13-Cys469Tyr",147,0,147,0,NA,0,NA
"JI-01-44","JI","k13-Ala675Val",331,0,331,0,NA,0,NA
"JI-01-44","JI","k13-Arg561His",220,0,220,0,NA,0,NA
"JI-01-44","JI","k13-Cys469Phe",252,0,252,0,NA,0,NA
"JI-01-44","JI","k13-Cys469Tyr",252,0,252,0,NA,0,NA
"JI-01-45","JI","k13-Ala675Val",408,0,408,0,NA,0,NA
"JI-01-45","JI","k13-Arg561His",238,0,238,0,NA,0,NA
"JI-01-45","JI","k13-Cys469Phe",302,0,302,0,NA,0,NA
"JI-01-45","JI","k13-Cys469Tyr",302,0,302,0,NA,0,NA
"JI-01-46","JI","k13-Ala675Val",1178,0,1178,0,NA,0,NA
"JI-01-46","JI","k13-Arg561His",546,0,546,0,NA,0,NA
"JI-01-46","JI","k13-Cys469Phe",609,0,609,0,NA,0,NA
"JI-01-46","JI","k13-Cys469Tyr",609,0,609,0,NA,0,NA
"JI-01-47","JI","k13-Ala675Val",251,0,251,0,NA,0,NA
"JI-01-47","JI","k13-Arg561His",93,0,93,0,NA,0,NA
"JI-01-47","JI","k13-Cys469Phe",112,0,112,0,NA,0,NA
"JI-01-47","JI","k13-Cys469Tyr",112,0,112,0,NA,0,NA
"JI-01-48","JI","k13-Ala675Val",52,0,52,0,NA,0,NA
"JI-01-48","JI","k13-Arg561His",46,0,46,0,NA,0,NA
"JI-01-48","JI","k13-Cys469Phe",47,0,47,0,NA,0,NA
"JI-01-48","JI","k13-Cys469Tyr",47,0,47,0,NA,0,NA
"JI-01-49","JI","k13-Ala675Val",336,0,336,0,NA,0,NA
"JI-01-49","JI","k13-Arg561His",147,0,147,0,NA,0,NA
"JI-01-49","JI","k13-Cys469Phe",163,0,163,0,NA,0,NA
"JI-01-49","JI","k13-Cys469Tyr",163,0,163,0,NA,0,NA
"JI-01-50","JI","k13-Ala675Val",121,0,121,0,NA,0,NA
"JI-01-50","JI","k13-Arg561His",82,0,82,0,NA,0,NA
"JI-01-50","JI","k13-Cys469Phe",87,0,87,0,NA,0,NA
"JI-01-50","JI","k13-Cys469Tyr",87,0,87,0,NA,0,NA
"KB-01-01","KB","k13-Ala675Val",1384,0,1384,0,NA,0,NA
"KB-01-01","KB","k13-Arg561His",74,853,927,1,NA,1,NA
"KB-01-01","KB","k13-Cys469Phe",661,61,722,1,NA,1,NA
"KB-01-01","KB","k13-Cys469Tyr",661,0,722,0,NA,0,NA
"KB-01-02","KB","k13-Ala675Val",1443,0,1443,0,NA,0,NA
"KB-01-02","KB","k13-Arg561His",1111,0,1111,0,NA,0,NA
"KB-01-02","KB","k13-Cys469Phe",738,0,738,0,NA,0,NA
"KB-01-02","KB","k13-Cys469Tyr",738,0,738,0,NA,0,NA
"KB-01-03","KB","k13-Ala675Val",157,0,157,0,NA,0,NA
"KB-01-03","KB","k13-Arg561His",88,0,88,0,NA,0,NA
"KB-01-03","KB","k13-Cys469Phe",66,0,66,0,NA,0,NA
"KB-01-03","KB","k13-Cys469Tyr",66,0,66,0,NA,0,NA
"KB-01-04","KB","k13-Ala675Val",199,0,199,0,NA,0,NA
"KB-01-04","KB","k13-Arg561His",116,0,116,0,NA,0,NA
"KB-01-04","KB","k13-Cys469Phe",110,0,110,0,NA,0,NA
"KB-01-04","KB","k13-Cys469Tyr",110,0,110,0,NA,0,NA
"KB-01-05","KB","k13-Ala675Val",339,0,339,0,NA,0,NA
"KB-01-05","KB","k13-Arg561His",209,0,209,0,NA,0,NA
"KB-01-05","KB","k13-Cys469Phe",0,244,244,2,NA,2,NA
"KB-01-05","KB","k13-Cys469Tyr",0,0,244,NA,NA,NA,NA
"KB-01-07","KB","k13-Ala675Val",0,0,0,NA,NA,NA,NA
"KB-01-07","KB","k13-Arg561His",0,0,0,NA,NA,NA,NA
"KB-01-07","KB","k13-Cys469Phe",0,0,0,NA,NA,NA,NA
"KB-01-07","KB","k13-Cys469Tyr",0,0,0,NA,NA,NA,NA
"KB-01-08","KB","k13-Ala675Val",161,0,161,0,NA,0,NA
"KB-01-08","KB","k13-Arg561His",374,0,374,0,NA,0,NA
"KB-01-08","KB","k13-Cys469Phe",147,0,147,0,NA,0,NA
"KB-01-08","KB","k13-Cys469Tyr",147,0,147,0,NA,0,NA
"KB-01-09","KB","k13-Ala675Val",1741,0,1741,0,NA,0,NA
"KB-01-09","KB","k13-Arg561His",1082,0,1082,0,NA,0,NA
"KB-01-09","KB","k13-Cys469Phe",1092,0,1092,0,NA,0,NA
"KB-01-09","KB","k13-Cys469Tyr",1092,0,1092,0,NA,0,NA
"KB-01-10","KB","k13-Ala675Val",947,0,947,0,NA,0,NA
"KB-01-10","KB","k13-Arg561His",505,0,505,0,NA,0,NA
"KB-01-10","KB","k13-Cys469Phe",469,0,469,0,NA,0,NA
"KB-01-10","KB","k13-Cys469Tyr",469,0,469,0,NA,0,NA
"KB-01-11","KB","k13-Ala675Val",214,0,214,0,NA,0,NA
"KB-01-11","KB","k13-Arg561His",115,0,115,0,NA,0,NA
"KB-01-11","KB","k13-Cys469Phe",0,154,154,2,NA,2,NA
"KB-01-11","KB","k13-Cys469Tyr",0,0,154,NA,NA,NA,NA
"KB-01-12","KB","k13-Ala675Val",668,0,668,0,NA,0,NA
"KB-01-12","KB","k13-Arg561His",0,460,460,2,NA,2,NA
"KB-01-12","KB","k13-Cys469Phe",593,0,593,0,NA,0,NA
"KB-01-12","KB","k13-Cys469Tyr",593,0,593,0,NA,0,NA
"KB-01-13","KB","k13-Ala675Val",101,0,101,0,NA,0,NA
"KB-01-13","KB","k13-Arg561His",103,0,103,0,NA,0,NA
"KB-01-13","KB","k13-Cys469Phe",-55,55,0,NA,NA,NA,NA
"KB-01-13","KB","k13-Cys469Tyr",0,0,0,NA,NA,NA,NA
"KB-01-14","KB","k13-Ala675Val",391,0,391,0,NA,0,NA
"KB-01-14","KB","k13-Arg561His",178,0,178,0,NA,0,NA
"KB-01-14","KB","k13-Cys469Phe",0,123,123,2,NA,2,NA
"KB-01-14","KB","k13-Cys469Tyr",0,0,123,NA,NA,NA,NA
"KB-01-15","KB","k13-Ala675Val",584,0,584,0,NA,0,NA
"KB-01-15","KB","k13-Arg561His",246,0,246,0,NA,0,NA
"KB-01-15","KB","k13-Cys469Phe",155,38,193,1,NA,1,NA
"KB-01-15","KB","k13-Cys469Tyr",193,0,193,0,NA,0,NA
"KB-01-16","KB","k13-Ala675Val",45,0,45,0,NA,0,NA
"KB-01-16","KB","k13-Arg561His",33,0,33,0,NA,0,NA
"KB-01-16","KB","k13-Cys469Phe",32,0,32,0,NA,0,NA
"KB-01-16","KB","k13-Cys469Tyr",32,0,32,0,NA,0,NA
"KB-01-17","KB","k13-Ala675Val",10,0,10,0,NA,0,NA
"KB-01-17","KB","k13-Arg561His",3,0,3,NA,NA,NA,NA
"KB-01-17","KB","k13-Cys469Phe",-8,8,0,NA,NA,NA,NA
"KB-01-17","KB","k13-Cys469Tyr",0,0,0,NA,NA,NA,NA
"KB-01-18","KB","k13-Ala675Val",0,0,0,NA,NA,NA,NA
"KB-01-18","KB","k13-Arg561His",0,0,0,NA,NA,NA,NA
"KB-01-18","KB","k13-Cys469Phe",0,0,0,NA,NA,NA,NA
"KB-01-18","KB","k13-Cys469Tyr",0,0,0,NA,NA,NA,NA
"KB-01-19","KB","k13-Ala675Val",63,0,63,0,NA,0,NA
"KB-01-19","KB","k13-Arg561His",173,0,173,0,NA,0,NA
"KB-01-19","KB","k13-Cys469Phe",61,0,61,0,NA,0,NA
"KB-01-19","KB","k13-Cys469Tyr",61,0,61,0,NA,0,NA
"KB-01-20","KB","k13-Ala675Val",1,0,1,NA,NA,NA,NA
"KB-01-20","KB","k13-Arg561His",2,9,11,2,NA,2,NA
"KB-01-20","KB","k13-Cys469Phe",2,0,2,NA,NA,NA,NA
"KB-01-20","KB","k13-Cys469Tyr",2,0,2,NA,NA,NA,NA
"KB-01-21","KB","k13-Ala675Val",82,0,82,0,NA,0,NA
"KB-01-21","KB","k13-Arg561His",36,0,36,0,NA,0,NA
"KB-01-21","KB","k13-Cys469Phe",54,0,54,0,NA,0,NA
"KB-01-21","KB","k13-Cys469Tyr",54,0,54,0,NA,0,NA
"KB-01-23","KB","k13-Ala675Val",648,0,648,0,NA,0,NA
"KB-01-23","KB","k13-Arg561His",288,0,288,0,NA,0,NA
"KB-01-23","KB","k13-Cys469Phe",357,0,357,0,NA,0,NA
"KB-01-23","KB","k13-Cys469Tyr",357,0,357,0,NA,0,NA
"KB-01-24","KB","k13-Ala675Val",130,0,130,0,NA,0,NA
"KB-01-24","KB","k13-Arg561His",93,0,93,0,NA,0,NA
"KB-01-24","KB","k13-Cys469Phe",0,121,121,2,NA,2,NA
"KB-01-24","KB","k13-Cys469Tyr",0,0,121,NA,NA,NA,NA
"KB-01-26","KB","k13-Ala675Val",34,0,34,0,NA,0,NA
"KB-01-26","KB","k13-Arg561His",12,0,12,0,NA,0,NA
"KB-01-26","KB","k13-Cys469Phe",7,0,7,0,NA,0,NA
"KB-01-26","KB","k13-Cys469Tyr",7,0,7,0,NA,0,NA
"KB-01-27","KB","k13-Ala675Val",2789,0,2789,0,NA,0,NA
"KB-01-27","KB","k13-Arg561His",1285,0,1285,0,NA,0,NA
"KB-01-27","KB","k13-Cys469Phe",789,0,789,0,NA,0,NA
"KB-01-27","KB","k13-Cys469Tyr",789,0,789,0,NA,0,NA
"KB-01-28","KB","k13-Ala675Val",828,0,828,0,NA,0,NA
"KB-01-28","KB","k13-Arg561His",363,0,363,0,NA,0,NA
"KB-01-28","KB","k13-Cys469Phe",202,0,202,0,NA,0,NA
"KB-01-28","KB","k13-Cys469Tyr",202,0,202,0,NA,0,NA
"KB-01-29","KB","k13-Ala675Val",1,0,1,NA,NA,NA,NA
"KB-01-29","KB","k13-Arg561His",0,0,0,NA,NA,NA,NA
"KB-01-29","KB","k13-Cys469Phe",0,0,0,NA,NA,NA,NA
"KB-01-29","KB","k13-Cys469Tyr",0,0,0,NA,NA,NA,NA
"KB-01-30","KB","k13-Ala675Val",15,0,15,0,NA,0,NA
"KB-01-30","KB","k13-Arg561His",13,0,13,0,NA,0,NA
"KB-01-30","KB","k13-Cys469Phe",18,0,18,0,NA,0,NA
"KB-01-30","KB","k13-Cys469Tyr",18,0,18,0,NA,0,NA
"KB-01-31","KB","k13-Ala675Val",0,0,0,NA,NA,NA,NA
"KB-01-31","KB","k13-Arg561His",0,0,0,NA,NA,NA,NA
"KB-01-31","KB","k13-Cys469Phe",0,0,0,NA,NA,NA,NA
"KB-01-31","KB","k13-Cys469Tyr",0,0,0,NA,NA,NA,NA
"KB-01-32","KB","k13-Ala675Val",449,0,449,0,NA,0,NA
"KB-01-32","KB","k13-Arg561His",546,0,546,0,NA,0,NA
"KB-01-32","KB","k13-Cys469Phe",264,0,264,0,NA,0,NA
"KB-01-32","KB","k13-Cys469Tyr",264,0,264,0,NA,0,NA
"KB-01-33","KB","k13-Ala675Val",55,0,55,0,NA,0,NA
"KB-01-33","KB","k13-Arg561His",48,0,48,0,NA,0,NA
"KB-01-33","KB","k13-Cys469Phe",53,0,53,0,NA,0,NA
"KB-01-33","KB","k13-Cys469Tyr",53,0,53,0,NA,0,NA
"KB-01-34","KB","k13-Ala675Val",4,0,4,NA,NA,NA,NA
"KB-01-34","KB","k13-Arg561His",6,0,6,0,NA,0,NA
"KB-01-34","KB","k13-Cys469Phe",2,0,2,NA,NA,NA,NA
"KB-01-34","KB","k13-Cys469Tyr",2,0,2,NA,NA,NA,NA
"KB-01-35","KB","k13-Ala675Val",0,0,0,NA,NA,NA,NA
"KB-01-35","KB","k13-Arg561His",0,0,0,NA,NA,NA,NA
"KB-01-35","KB","k13-Cys469Phe",0,0,0,NA,NA,NA,NA
"KB-01-35","KB","k13-Cys469Tyr",0,0,0,NA,NA,NA,NA
"KB-01-36","KB","k13-Ala675Val",1927,0,1927,0,NA,0,NA
"KB-01-36","KB","k13-Arg561His",780,0,780,0,NA,0,NA
"KB-01-36","KB","k13-Cys469Phe",446,572,1018,1,NA,1,NA
"KB-01-36","KB","k13-Cys469Tyr",1018,0,1018,0,NA,0,NA
"KB-01-37","KB","k13-Ala675Val",1166,0,1166,0,NA,0,NA
"KB-01-37","KB","k13-Arg561His",652,0,652,0,NA,0,NA
"KB-01-37","KB","k13-Cys469Phe",734,0,734,0,NA,0,NA
"KB-01-37","KB","k13-Cys469Tyr",734,0,734,0,NA,0,NA
"KB-01-38","KB","k13-Ala675Val",142,0,142,0,NA,0,NA
"KB-01-38","KB","k13-Arg561His",0,122,122,2,NA,2,NA
"KB-01-38","KB","k13-Cys469Phe",85,0,85,0,NA,0,NA
"KB-01-38","KB","k13-Cys469Tyr",85,0,85,0,NA,0,NA
"KB-01-39","KB","k13-Ala675Val",2433,0,2433,0,NA,0,NA
"KB-01-39","KB","k13-Arg561His",1084,0,1084,0,NA,0,NA
"KB-01-39","KB","k13-Cys469Phe",842,0,842,0,NA,0,NA
"KB-01-39","KB","k13-Cys469Tyr",842,0,842,0,NA,0,NA
"KB-01-40","KB","k13-Ala675Val",245,0,245,0,NA,0,NA
"KB-01-40","KB","k13-Arg561His",119,0,119,0,NA,0,NA
"KB-01-40","KB","k13-Cys469Phe",103,0,103,0,NA,0,NA
"KB-01-40","KB","k13-Cys469Tyr",103,0,103,0,NA,0,NA
"KB-01-41","KB","k13-Ala675Val",130,0,130,0,NA,0,NA
"KB-01-41","KB","k13-Arg561His",56,0,56,0,NA,0,NA
"KB-01-41","KB","k13-Cys469Phe",-53,53,0,NA,NA,NA,NA
"KB-01-41","KB","k13-Cys469Tyr",0,0,0,NA,NA,NA,NA
"KB-01-42","KB","k13-Ala675Val",229,0,229,0,NA,0,NA
"KB-01-42","KB","k13-Arg561His",133,0,133,0,NA,0,NA
"KB-01-42","KB","k13-Cys469Phe",0,184,184,2,NA,2,NA
"KB-01-42","KB","k13-Cys469Tyr",0,0,184,NA,NA,NA,NA
"KB-01-43","KB","k13-Ala675Val",14,0,14,0,NA,0,NA
"KB-01-43","KB","k13-Arg561His",68,0,68,0,NA,0,NA
"KB-01-43","KB","k13-Cys469Phe",-3,3,0,NA,NA,NA,NA
"KB-01-43","KB","k13-Cys469Tyr",0,0,0,NA,NA,NA,NA
"KB-01-45","KB","k13-Ala675Val",45,0,45,0,NA,0,NA
"KB-01-45","KB","k13-Arg561His",31,0,31,0,NA,0,NA
"KB-01-45","KB","k13-Cys469Phe",-21,21,0,NA,NA,NA,NA
"KB-01-45","KB","k13-Cys469Tyr",0,0,0,NA,NA,NA,NA
"KB-01-47","KB","k13-Ala675Val",0,0,0,NA,NA,NA,NA
"KB-01-47","KB","k13-Arg561His",2,0,2,NA,NA,NA,NA
"KB-01-47","KB","k13-Cys469Phe",0,0,0,NA,NA,NA,NA
"KB-01-47","KB","k13-Cys469Tyr",0,0,0,NA,NA,NA,NA
"KB-01-48","KB","k13-Ala675Val",26,0,26,0,NA,0,NA
"KB-01-48","KB","k13-Arg561His",70,0,70,0,NA,0,NA
"KB-01-48","KB","k13-Cys469Phe",-4,4,0,NA,NA,NA,NA
"KB-01-48","KB","k13-Cys469Tyr",0,0,0,NA,NA,NA,NA
"KB-01-49","KB","k13-Ala675Val",0,0,0,NA,NA,NA,NA
"KB-01-49","KB","k13-Arg561His",0,0,0,NA,NA,NA,NA
"KB-01-49","KB","k13-Cys469Phe",0,0,0,NA,NA,NA,NA
"KB-01-49","KB","k13-Cys469Tyr",0,0,0,NA,NA,NA,NA
"KB-01-50","KB","k13-Ala675Val",970,0,970,0,NA,0,NA
"KB-01-50","KB","k13-Arg561His",493,0,493,0,NA,0,NA
"KB-01-50","KB","k13-Cys469Phe",584,0,584,0,NA,0,NA
"KB-01-50","KB","k13-Cys469Tyr",584,0,584,0,NA,0,NA
"KN-01-01","KN","k13-Ala675Val",0,0,0,NA,NA,NA,NA
"KN-01-01","KN","k13-Arg561His",0,0,0,NA,NA,NA,NA
"KN-01-01","KN","k13-Cys469Phe",0,0,0,NA,NA,NA,NA
"KN-01-01","KN","k13-Cys469Tyr",0,0,0,NA,NA,NA,NA
"KN-01-02","KN","k13-Ala675Val",1687,0,1687,0,NA,0,NA
"KN-01-02","KN","k13-Arg561His",780,0,780,0,NA,0,NA
"KN-01-02","KN","k13-Cys469Phe",815,0,815,0,NA,0,NA
"KN-01-02","KN","k13-Cys469Tyr",815,0,815,0,NA,0,NA
"KN-01-03","KN","k13-Ala675Val",365,0,365,0,NA,0,NA
"KN-01-03","KN","k13-Arg561His",339,0,339,0,NA,0,NA
"KN-01-03","KN","k13-Cys469Phe",269,0,269,0,NA,0,NA
"KN-01-03","KN","k13-Cys469Tyr",269,0,269,0,NA,0,NA
"KN-01-04","KN","k13-Ala675Val",2733,0,2733,0,NA,0,NA
"KN-01-04","KN","k13-Arg561His",1516,0,1516,0,NA,0,NA
"KN-01-04","KN","k13-Cys469Phe",1670,0,1670,0,NA,0,NA
"KN-01-04","KN","k13-Cys469Tyr",1670,0,1670,0,NA,0,NA
"KN-01-05","KN","k13-Ala675Val",0,0,0,NA,NA,NA,NA
"KN-01-05","KN","k13-Arg561His",0,0,0,NA,NA,NA,NA
"KN-01-05","KN","k13-Cys469Phe",0,0,0,NA,NA,NA,NA
"KN-01-05","KN","k13-Cys469Tyr",0,0,0,NA,NA,NA,NA
"KN-01-06","KN","k13-Ala675Val",958,0,958,0,NA,0,NA
"KN-01-06","KN","k13-Arg561His",941,0,941,0,NA,0,NA
"KN-01-06","KN","k13-Cys469Phe",889,0,889,0,NA,0,NA
"KN-01-06","KN","k13-Cys469Tyr",889,0,889,0,NA,0,NA
"KN-01-07","KN","k13-Ala675Val",63,0,63,0,NA,0,NA
"KN-01-07","KN","k13-Arg561His",77,0,77,0,NA,0,NA
"KN-01-07","KN","k13-Cys469Phe",62,0,62,0,NA,0,NA
"KN-01-07","KN","k13-Cys469Tyr",62,0,62,0,NA,0,NA
"KN-01-08","KN","k13-Ala675Val",3524,0,3524,0,NA,0,NA
"KN-01-08","KN","k13-Arg561His",1621,0,1621,0,NA,0,NA
"KN-01-08","KN","k13-Cys469Phe",1757,0,1757,0,NA,0,NA
"KN-01-08","KN","k13-Cys469Tyr",1757,0,1757,0,NA,0,NA
"KN-01-09","KN","k13-Ala675Val",187,0,187,0,NA,0,NA
"KN-01-09","KN","k13-Arg561His",130,0,130,0,NA,0,NA
"KN-01-09","KN","k13-Cys469Phe",93,0,93,0,NA,0,NA
"KN-01-09","KN","k13-Cys469Tyr",93,0,93,0,NA,0,NA
"KN-01-10","KN","k13-Ala675Val",1,0,1,NA,NA,NA,NA
"KN-01-10","KN","k13-Arg561His",0,0,0,NA,NA,NA,NA
"KN-01-10","KN","k13-Cys469Phe",0,0,0,NA,NA,NA,NA
"KN-01-10","KN","k13-Cys469Tyr",0,0,0,NA,NA,NA,NA
"KN-01-11","KN","k13-Ala675Val",130,0,130,0,NA,0,NA
"KN-01-11","KN","k13-Arg561His",93,0,93,0,NA,0,NA
"KN-01-11","KN","k13-Cys469Phe",99,0,99,0,NA,0,NA
"KN-01-11","KN","k13-Cys469Tyr",99,0,99,0,NA,0,NA
"KN-01-12","KN","k13-Ala675Val",31,0,31,0,NA,0,NA
"KN-01-12","KN","k13-Arg561His",21,0,21,0,NA,0,NA
"KN-01-12","KN","k13-Cys469Phe",14,0,14,0,NA,0,NA
"KN-01-12","KN","k13-Cys469Tyr",14,0,14,0,NA,0,NA
"KN-01-14","KN","k13-Ala675Val",587,0,587,0,NA,0,NA
"KN-01-14","KN","k13-Arg561His",253,0,253,0,NA,0,NA
"KN-01-14","KN","k13-Cys469Phe",199,0,199,0,NA,0,NA
"KN-01-14","KN","k13-Cys469Tyr",199,0,199,0,NA,0,NA
"KN-01-15","KN","k13-Ala675Val",2412,0,2412,0,NA,0,NA
"KN-01-15","KN","k13-Arg561His",1111,0,1111,0,NA,0,NA
"KN-01-15","KN","k13-Cys469Phe",987,0,987,0,NA,0,NA
"KN-01-15","KN","k13-Cys469Tyr",987,0,987,0,NA,0,NA
"KN-01-16","KN","k13-Ala675Val",3623,0,3623,0,NA,0,NA
"KN-01-16","KN","k13-Arg561His",1992,0,1992,0,NA,0,NA
"KN-01-16","KN","k13-Cys469Phe",1701,0,1701,0,NA,0,NA
"KN-01-16","KN","k13-Cys469Tyr",1701,0,1701,0,NA,0,NA
"KN-01-17","KN","k13-Ala675Val",2518,0,2518,0,NA,0,NA
"KN-01-17","KN","k13-Arg561His",1121,0,1121,0,NA,0,NA
"KN-01-17","KN","k13-Cys469Phe",960,0,960,0,NA,0,NA
"KN-01-17","KN","k13-Cys469Tyr",960,0,960,0,NA,0,NA
"KN-01-18","KN","k13-Ala675Val",218,0,218,0,NA,0,NA
"KN-01-18","KN","k13-Arg561His",173,0,173,0,NA,0,NA
"KN-01-18","KN","k13-Cys469Phe",134,0,134,0,NA,0,NA
"KN-01-18","KN","k13-Cys469Tyr",134,0,134,0,NA,0,NA
"KN-01-19","KN","k13-Ala675Val",1928,0,1928,0,NA,0,NA
"KN-01-19","KN","k13-Arg561His",1541,0,1541,0,NA,0,NA
"KN-01-19","KN","k13-Cys469Phe",1143,0,1143,0,NA,0,NA
"KN-01-19","KN","k13-Cys469Tyr",1143,0,1143,0,NA,0,NA
"KN-01-20","KN","k13-Ala675Val",3967,0,3967,0,NA,0,NA
"KN-01-20","KN","k13-Arg561His",1993,0,1993,0,NA,0,NA
"KN-01-20","KN","k13-Cys469Phe",1999,0,1999,0,NA,0,NA
"KN-01-20","KN","k13-Cys469Tyr",1999,0,1999,0,NA,0,NA
"KN-01-21","KN","k13-Ala675Val",284,0,284,0,NA,0,NA
"KN-01-21","KN","k13-Arg561His",146,0,146,0,NA,0,NA
"KN-01-21","KN","k13-Cys469Phe",98,0,98,0,NA,0,NA
"KN-01-21","KN","k13-Cys469Tyr",98,0,98,0,NA,0,NA
"KN-01-22","KN","k13-Ala675Val",0,0,0,NA,NA,NA,NA
"KN-01-22","KN","k13-Arg561His",0,0,0,NA,NA,NA,NA
"KN-01-22","KN","k13-Cys469Phe",0,0,0,NA,NA,NA,NA
"KN-01-22","KN","k13-Cys469Tyr",0,0,0,NA,NA,NA,NA
"KN-01-23","KN","k13-Ala675Val",1104,0,1104,0,NA,0,NA
"KN-01-23","KN","k13-Arg561His",756,0,756,0,NA,0,NA
"KN-01-23","KN","k13-Cys469Phe",625,0,625,0,NA,0,NA
"KN-01-23","KN","k13-Cys469Tyr",625,0,625,0,NA,0,NA
"KN-01-24","KN","k13-Ala675Val",0,0,0,NA,NA,NA,NA
"KN-01-24","KN","k13-Arg561His",1,0,1,NA,NA,NA,NA
"KN-01-24","KN","k13-Cys469Phe",1,0,1,NA,NA,NA,NA
"KN-01-24","KN","k13-Cys469Tyr",1,0,1,NA,NA,NA,NA
"KN-01-25","KN","k13-Ala675Val",708,0,708,0,NA,0,NA
"KN-01-25","KN","k13-Arg561His",305,0,305,0,NA,0,NA
"KN-01-25","KN","k13-Cys469Phe",345,0,345,0,NA,0,NA
"KN-01-25","KN","k13-Cys469Tyr",345,0,345,0,NA,0,NA
"KN-01-26","KN","k13-Ala675Val",2795,0,2795,0,NA,0,NA
"KN-01-26","KN","k13-Arg561His",1559,0,1559,0,NA,0,NA
"KN-01-26","KN","k13-Cys469Phe",856,0,856,0,NA,0,NA
"KN-01-26","KN","k13-Cys469Tyr",856,0,856,0,NA,0,NA
"KN-01-27","KN","k13-Ala675Val",1335,0,1335,0,NA,0,NA
"KN-01-27","KN","k13-Arg561His",665,0,665,0,NA,0,NA
"KN-01-27","KN","k13-Cys469Phe",466,0,466,0,NA,0,NA
"KN-01-27","KN","k13-Cys469Tyr",466,0,466,0,NA,0,NA
"KN-01-28","KN","k13-Ala675Val",540,0,540,0,NA,0,NA
"KN-01-28","KN","k13-Arg561His",351,0,351,0,NA,0,NA
"KN-01-28","KN","k13-Cys469Phe",209,0,209,0,NA,0,NA
"KN-01-28","KN","k13-Cys469Tyr",209,0,209,0,NA,0,NA
"KN-01-29","KN","k13-Ala675Val",765,0,765,0,NA,0,NA
"KN-01-29","KN","k13-Arg561His",620,0,620,0,NA,0,NA
"KN-01-29","KN","k13-Cys469Phe",392,0,392,0,NA,0,NA
"KN-01-29","KN","k13-Cys469Tyr",392,0,392,0,NA,0,NA
"KN-01-30","KN","k13-Ala675Val",1896,0,1896,0,NA,0,NA
"KN-01-30","KN","k13-Arg561His",1461,0,1461,0,NA,0,NA
"KN-01-30","KN","k13-Cys469Phe",866,0,866,0,NA,0,NA
"KN-01-30","KN","k13-Cys469Tyr",866,0,866,0,NA,0,NA
"KN-01-31","KN","k13-Ala675Val",710,0,710,0,NA,0,NA
"KN-01-31","KN","k13-Arg561His",520,0,520,0,NA,0,NA
"KN-01-31","KN","k13-Cys469Phe",300,0,300,0,NA,0,NA
"KN-01-31","KN","k13-Cys469Tyr",300,0,300,0,NA,0,NA
"KN-01-32","KN","k13-Ala675Val",456,0,456,0,NA,0,NA
"KN-01-32","KN","k13-Arg561His",203,0,203,0,NA,0,NA
"KN-01-32","KN","k13-Cys469Phe",125,0,125,0,NA,0,NA
"KN-01-32","KN","k13-Cys469Tyr",125,0,125,0,NA,0,NA
"KN-01-33","KN","k13-Ala675Val",0,0,0,NA,NA,NA,NA
"KN-01-33","KN","k13-Arg561His",0,0,0,NA,NA,NA,NA
"KN-01-33","KN","k13-Cys469Phe",0,0,0,NA,NA,NA,NA
"KN-01-33","KN","k13-Cys469Tyr",0,0,0,NA,NA,NA,NA
"KN-01-34","KN","k13-Ala675Val",1276,0,1276,0,NA,0,NA
"KN-01-34","KN","k13-Arg561His",932,0,932,0,NA,0,NA
"KN-01-34","KN","k13-Cys469Phe",600,0,600,0,NA,0,NA
"KN-01-34","KN","k13-Cys469Tyr",600,0,600,0,NA,0,NA
"KN-01-35","KN","k13-Ala675Val",1,0,1,NA,NA,NA,NA
"KN-01-35","KN","k13-Arg561His",0,0,0,NA,NA,NA,NA
"KN-01-35","KN","k13-Cys469Phe",0,0,0,NA,NA,NA,NA
"KN-01-35","KN","k13-Cys469Tyr",0,0,0,NA,NA,NA,NA
"KN-01-36","KN","k13-Ala675Val",0,0,0,NA,NA,NA,NA
"KN-01-36","KN","k13-Arg561His",0,0,0,NA,NA,NA,NA
"KN-01-36","KN","k13-Cys469Phe",0,0,0,NA,NA,NA,NA
"KN-01-36","KN","k13-Cys469Tyr",0,0,0,NA,NA,NA,NA
"KN-01-37","KN","k13-Ala675Val",0,0,0,NA,NA,NA,NA
"KN-01-37","KN","k13-Arg561His",0,0,0,NA,NA,NA,NA
"KN-01-37","KN","k13-Cys469Phe",0,0,0,NA,NA,NA,NA
"KN-01-37","KN","k13-Cys469Tyr",0,0,0,NA,NA,NA,NA
"KN-01-38","KN","k13-Ala675Val",0,0,0,NA,NA,NA,NA
"KN-01-38","KN","k13-Arg561His",0,0,0,NA,NA,NA,NA
"KN-01-38","KN","k13-Cys469Phe",0,0,0,NA,NA,NA,NA
"KN-01-38","KN","k13-Cys469Tyr",0,0,0,NA,NA,NA,NA
"KN-01-39","KN","k13-Ala675Val",1101,0,1101,0,NA,0,NA
"KN-01-39","KN","k13-Arg561His",482,0,482,0,NA,0,NA
"KN-01-39","KN","k13-Cys469Phe",434,0,434,0,NA,0,NA
"KN-01-39","KN","k13-Cys469Tyr",434,0,434,0,NA,0,NA
"KN-01-40","KN","k13-Ala675Val",0,0,0,NA,NA,NA,NA
"KN-01-40","KN","k13-Arg561His",0,0,0,NA,NA,NA,NA
"KN-01-40","KN","k13-Cys469Phe",0,0,0,NA,NA,NA,NA
"KN-01-40","KN","k13-Cys469Tyr",0,0,0,NA,NA,NA,NA
"KN-01-41","KN","k13-Ala675Val",3973,0,3973,0,NA,0,NA
"KN-01-41","KN","k13-Arg561His",1992,0,1992,0,NA,0,NA
"KN-01-41","KN","k13-Cys469Phe",1738,0,1738,0,NA,0,NA
"KN-01-41","KN","k13-Cys469Tyr",1738,0,1738,0,NA,0,NA
"KN-01-42","KN","k13-Ala675Val",3983,0,3983,0,NA,0,NA
"KN-01-42","KN","k13-Arg561His",1989,0,1989,0,NA,0,NA
"KN-01-42","KN","k13-Cys469Phe",1987,0,1987,0,NA,0,NA
"KN-01-42","KN","k13-Cys469Tyr",1987,0,1987,0,NA,0,NA
"KN-01-43","KN","k13-Ala675Val",0,0,0,NA,NA,NA,NA
"KN-01-43","KN","k13-Arg561His",0,0,0,NA,NA,NA,NA
"KN-01-43","KN","k13-Cys469Phe",0,0,0,NA,NA,NA,NA
"KN-01-43","KN","k13-Cys469Tyr",0,0,0,NA,NA,NA,NA
"KN-01-44","KN","k13-Ala675Val",3968,0,3968,0,NA,0,NA
"KN-01-44","KN","k13-Arg561His",1993,0,1993,0,NA,0,NA
"KN-01-44","KN","k13-Cys469Phe",1992,0,1992,0,NA,0,NA
"KN-01-44","KN","k13-Cys469Tyr",1992,0,1992,0,NA,0,NA
"KN-01-45","KN","k13-Ala675Val",3729,0,3729,0,NA,0,NA
"KN-01-45","KN","k13-Arg561His",1751,0,1751,0,NA,0,NA
"KN-01-45","KN","k13-Cys469Phe",1694,0,1694,0,NA,0,NA
"KN-01-45","KN","k13-Cys469Tyr",1694,0,1694,0,NA,0,NA
"KN-01-46","KN","k13-Ala675Val",122,0,122,0,NA,0,NA
"KN-01-46","KN","k13-Arg561His",67,0,67,0,NA,0,NA
"KN-01-46","KN","k13-Cys469Phe",52,0,52,0,NA,0,NA
"KN-01-46","KN","k13-Cys469Tyr",52,0,52,0,NA,0,NA
"KN-01-47","KN","k13-Ala675Val",2172,0,2172,0,NA,0,NA
"KN-01-47","KN","k13-Arg561His",988,0,988,0,NA,0,NA
"KN-01-47","KN","k13-Cys469Phe",932,0,932,0,NA,0,NA
"KN-01-47","KN","k13-Cys469Tyr",932,0,932,0,NA,0,NA
"KN-01-48","KN","k13-Ala675Val",219,0,219,0,NA,0,NA
"KN-01-48","KN","k13-Arg561His",160,0,160,0,NA,0,NA
"KN-01-48","KN","k13-Cys469Phe",121,0,121,0,NA,0,NA
"KN-01-48","KN","k13-Cys469Tyr",121,0,121,0,NA,0,NA
"KN-01-49","KN","k13-Ala675Val",1971,0,1971,0,NA,0,NA
"KN-01-49","KN","k13-Arg561His",811,0,811,0,NA,0,NA
"KN-01-49","KN","k13-Cys469Phe",1053,0,1053,0,NA,0,NA
"KN-01-49","KN","k13-Cys469Tyr",1053,0,1053,0,NA,0,NA
"KN-01-50","KN","k13-Ala675Val",350,0,350,0,NA,0,NA
"KN-01-50","KN","k13-Arg561His",290,0,290,0,NA,0,NA
"KN-01-50","KN","k13-Cys469Phe",270,0,270,0,NA,0,NA
"KN-01-50","KN","k13-Cys469Tyr",270,0,270,0,NA,0,NA
"KO-01-01","KO","k13-Ala675Val",126,0,126,0,NA,0,NA
"KO-01-01","KO","k13-Arg561His",56,0,56,0,NA,0,NA
"KO-01-01","KO","k13-Cys469Phe",68,0,68,0,NA,0,NA
"KO-01-01","KO","k13-Cys469Tyr",68,0,68,0,NA,0,NA
"KO-01-02","KO","k13-Ala675Val",0,0,0,NA,NA,NA,NA
"KO-01-02","KO","k13-Arg561His",0,0,0,NA,NA,NA,NA
"KO-01-02","KO","k13-Cys469Phe",0,0,0,NA,NA,NA,NA
"KO-01-02","KO","k13-Cys469Tyr",0,0,0,NA,NA,NA,NA
"KO-01-03","KO","k13-Ala675Val",0,0,0,NA,NA,NA,NA
"KO-01-03","KO","k13-Arg561His",0,0,0,NA,NA,NA,NA
"KO-01-03","KO","k13-Cys469Phe",0,0,0,NA,NA,NA,NA
"KO-01-03","KO","k13-Cys469Tyr",0,0,0,NA,NA,NA,NA
"KO-01-04","KO","k13-Ala675Val",2,0,2,NA,NA,NA,NA
"KO-01-04","KO","k13-Arg561His",1,0,1,NA,NA,NA,NA
"KO-01-04","KO","k13-Cys469Phe",1,0,1,NA,NA,NA,NA
"KO-01-04","KO","k13-Cys469Tyr",1,0,1,NA,NA,NA,NA
"KO-01-05","KO","k13-Ala675Val",0,0,0,NA,NA,NA,NA
"KO-01-05","KO","k13-Arg561His",0,0,0,NA,NA,NA,NA
"KO-01-05","KO","k13-Cys469Phe",0,0,0,NA,NA,NA,NA
"KO-01-05","KO","k13-Cys469Tyr",0,0,0,NA,NA,NA,NA
"KO-01-06","KO","k13-Ala675Val",232,0,232,0,NA,0,NA
"KO-01-06","KO","k13-Arg561His",103,0,103,0,NA,0,NA
"KO-01-06","KO","k13-Cys469Phe",117,0,117,0,NA,0,NA
"KO-01-06","KO","k13-Cys469Tyr",117,0,117,0,NA,0,NA
"KO-01-08","KO","k13-Ala675Val",118,0,118,0,NA,0,NA
"KO-01-08","KO","k13-Arg561His",63,0,63,0,NA,0,NA
"KO-01-08","KO","k13-Cys469Phe",63,0,63,0,NA,0,NA
"KO-01-08","KO","k13-Cys469Tyr",63,0,63,0,NA,0,NA
"KO-01-10","KO","k13-Ala675Val",283,0,283,0,NA,0,NA
"KO-01-10","KO","k13-Arg561His",216,0,216,0,NA,0,NA
"KO-01-10","KO","k13-Cys469Phe",177,0,177,0,NA,0,NA
"KO-01-10","KO","k13-Cys469Tyr",177,0,177,0,NA,0,NA
"KO-01-11","KO","k13-Ala675Val",24,0,24,0,NA,0,NA
"KO-01-11","KO","k13-Arg561His",11,0,11,0,NA,0,NA
"KO-01-11","KO","k13-Cys469Phe",15,0,15,0,NA,0,NA
"KO-01-11","KO","k13-Cys469Tyr",15,0,15,0,NA,0,NA
"KO-01-12","KO","k13-Ala675Val",25,0,25,0,NA,0,NA
"KO-01-12","KO","k13-Arg561His",36,0,36,0,NA,0,NA
"KO-01-12","KO","k13-Cys469Phe",12,0,12,0,NA,0,NA
"KO-01-12","KO","k13-Cys469Tyr",12,0,12,0,NA,0,NA
"KO-01-14","KO","k13-Ala675Val",108,0,108,0,NA,0,NA
"KO-01-14","KO","k13-Arg561His",43,0,43,0,NA,0,NA
"KO-01-14","KO","k13-Cys469Phe",74,0,74,0,NA,0,NA
"KO-01-14","KO","k13-Cys469Tyr",74,0,74,0,NA,0,NA
"KO-01-15","KO","k13-Ala675Val",426,0,426,0,NA,0,NA
"KO-01-15","KO","k13-Arg561His",223,0,223,0,NA,0,NA
"KO-01-15","KO","k13-Cys469Phe",271,0,271,0,NA,0,NA
"KO-01-15","KO","k13-Cys469Tyr",271,0,271,0,NA,0,NA
"KO-01-16","KO","k13-Ala675Val",0,0,0,NA,NA,NA,NA
"KO-01-16","KO","k13-Arg561His",0,0,0,NA,NA,NA,NA
"KO-01-16","KO","k13-Cys469Phe",0,0,0,NA,NA,NA,NA
"KO-01-16","KO","k13-Cys469Tyr",0,0,0,NA,NA,NA,NA
"KO-01-17","KO","k13-Ala675Val",7,0,7,0,NA,0,NA
"KO-01-17","KO","k13-Arg561His",1,0,1,NA,NA,NA,NA
"KO-01-17","KO","k13-Cys469Phe",2,0,2,NA,NA,NA,NA
"KO-01-17","KO","k13-Cys469Tyr",2,0,2,NA,NA,NA,NA
"KO-01-19","KO","k13-Ala675Val",15,0,15,0,NA,0,NA
"KO-01-19","KO","k13-Arg561His",1,0,1,NA,NA,NA,NA
"KO-01-19","KO","k13-Cys469Phe",6,0,6,0,NA,0,NA
"KO-01-19","KO","k13-Cys469Tyr",6,0,6,0,NA,0,NA
"KO-01-23","KO","k13-Ala675Val",16,0,16,0,NA,0,NA
"KO-01-23","KO","k13-Arg561His",15,0,15,0,NA,0,NA
"KO-01-23","KO","k13-Cys469Phe",17,0,17,0,NA,0,NA
"KO-01-23","KO","k13-Cys469Tyr",17,0,17,0,NA,0,NA
"KO-01-24","KO","k13-Ala675Val",2,0,2,NA,NA,NA,NA
"KO-01-24","KO","k13-Arg561His",0,0,0,NA,NA,NA,NA
"KO-01-24","KO","k13-Cys469Phe",0,0,0,NA,NA,NA,NA
"KO-01-24","KO","k13-Cys469Tyr",0,0,0,NA,NA,NA,NA
"KO-01-26","KO","k13-Ala675Val",0,0,0,NA,NA,NA,NA
"KO-01-26","KO","k13-Arg561His",0,0,0,NA,NA,NA,NA
"KO-01-26","KO","k13-Cys469Phe",0,0,0,NA,NA,NA,NA
"KO-01-26","KO","k13-Cys469Tyr",0,0,0,NA,NA,NA,NA
"KO-01-29","KO","k13-Ala675Val",226,0,226,0,NA,0,NA
"KO-01-29","KO","k13-Arg561His",120,0,120,0,NA,0,NA
"KO-01-29","KO","k13-Cys469Phe",147,0,147,0,NA,0,NA
"KO-01-29","KO","k13-Cys469Tyr",147,0,147,0,NA,0,NA
"KO-01-30","KO","k13-Ala675Val",198,0,198,0,NA,0,NA
"KO-01-30","KO","k13-Arg561His",108,0,108,0,NA,0,NA
"KO-01-30","KO","k13-Cys469Phe",110,0,110,0,NA,0,NA
"KO-01-30","KO","k13-Cys469Tyr",110,0,110,0,NA,0,NA
"KO-01-31","KO","k13-Ala675Val",174,0,174,0,NA,0,NA
"KO-01-31","KO","k13-Arg561His",87,0,87,0,NA,0,NA
"KO-01-31","KO","k13-Cys469Phe",89,0,89,0,NA,0,NA
"KO-01-31","KO","k13-Cys469Tyr",89,0,89,0,NA,0,NA
"KO-01-32","KO","k13-Ala675Val",28,0,28,0,NA,0,NA
"KO-01-32","KO","k13-Arg561His",45,0,45,0,NA,0,NA
"KO-01-32","KO","k13-Cys469Phe",18,0,18,0,NA,0,NA
"KO-01-32","KO","k13-Cys469Tyr",18,0,18,0,NA,0,NA
"KO-01-33","KO","k13-Ala675Val",10,0,10,0,NA,0,NA
"KO-01-33","KO","k13-Arg561His",77,0,77,0,NA,0,NA
"KO-01-33","KO","k13-Cys469Phe",10,0,10,0,NA,0,NA
"KO-01-33","KO","k13-Cys469Tyr",10,0,10,0,NA,0,NA
"KO-01-36","KO","k13-Ala675Val",0,0,0,NA,NA,NA,NA
"KO-01-36","KO","k13-Arg561His",0,0,0,NA,NA,NA,NA
"KO-01-36","KO","k13-Cys469Phe",0,0,0,NA,NA,NA,NA
"KO-01-36","KO","k13-Cys469Tyr",0,0,0,NA,NA,NA,NA
"KO-01-37","KO","k13-Ala675Val",0,0,0,NA,NA,NA,NA
"KO-01-37","KO","k13-Arg561His",0,0,0,NA,NA,NA,NA
"KO-01-37","KO","k13-Cys469Phe",0,0,0,NA,NA,NA,NA
"KO-01-37","KO","k13-Cys469Tyr",0,0,0,NA,NA,NA,NA
"KO-01-39","KO","k13-Ala675Val",54,0,54,0,NA,0,NA
"KO-01-39","KO","k13-Arg561His",23,0,23,0,NA,0,NA
"KO-01-39","KO","k13-Cys469Phe",25,0,25,0,NA,0,NA
"KO-01-39","KO","k13-Cys469Tyr",25,0,25,0,NA,0,NA
"KO-01-40","KO","k13-Ala675Val",72,0,72,0,NA,0,NA
"KO-01-40","KO","k13-Arg561His",48,0,48,0,NA,0,NA
"KO-01-40","KO","k13-Cys469Phe",47,0,47,0,NA,0,NA
"KO-01-40","KO","k13-Cys469Tyr",47,0,47,0,NA,0,NA
"KO-01-41","KO","k13-Ala675Val",1,0,1,NA,NA,NA,NA
"KO-01-41","KO","k13-Arg561His",0,0,0,NA,NA,NA,NA
"KO-01-41","KO","k13-Cys469Phe",1,0,1,NA,NA,NA,NA
"KO-01-41","KO","k13-Cys469Tyr",1,0,1,NA,NA,NA,NA
"KO-01-43","KO","k13-Ala675Val",0,0,0,NA,NA,NA,NA
"KO-01-43","KO","k13-Arg561His",0,0,0,NA,NA,NA,NA
"KO-01-43","KO","k13-Cys469Phe",0,0,0,NA,NA,NA,NA
"KO-01-43","KO","k13-Cys469Tyr",0,0,0,NA,NA,NA,NA
"KO-01-44","KO","k13-Ala675Val",0,0,0,NA,NA,NA,NA
"KO-01-44","KO","k13-Arg561His",0,0,0,NA,NA,NA,NA
"KO-01-44","KO","k13-Cys469Phe",0,0,0,NA,NA,NA,NA
"KO-01-44","KO","k13-Cys469Tyr",0,0,0,NA,NA,NA,NA
"KO-01-45","KO","k13-Ala675Val",1,0,1,NA,NA,NA,NA
"KO-01-45","KO","k13-Arg561His",10,0,10,0,NA,0,NA
"KO-01-45","KO","k13-Cys469Phe",0,0,0,NA,NA,NA,NA
"KO-01-45","KO","k13-Cys469Tyr",0,0,0,NA,NA,NA,NA
"KO-01-46","KO","k13-Ala675Val",0,0,0,NA,NA,NA,NA
"KO-01-46","KO","k13-Arg561His",3,0,3,NA,NA,NA,NA
"KO-01-46","KO","k13-Cys469Phe",0,0,0,NA,NA,NA,NA
"KO-01-46","KO","k13-Cys469Tyr",0,0,0,NA,NA,NA,NA
"KO-01-48","KO","k13-Ala675Val",311,0,311,0,NA,0,NA
"KO-01-48","KO","k13-Arg561His",143,0,143,0,NA,0,NA
"KO-01-48","KO","k13-Cys469Phe",195,0,195,0,NA,0,NA
"KO-01-48","KO","k13-Cys469Tyr",195,0,195,0,NA,0,NA
"KO-01-49","KO","k13-Ala675Val",29,0,29,0,NA,0,NA
"KO-01-49","KO","k13-Arg561His",16,0,16,0,NA,0,NA
"KO-01-49","KO","k13-Cys469Phe",30,0,30,0,NA,0,NA
"KO-01-49","KO","k13-Cys469Tyr",30,0,30,0,NA,0,NA
"LA-01-01","LA","k13-Ala675Val",0,0,0,NA,NA,NA,NA
"LA-01-01","LA","k13-Arg561His",0,0,0,NA,NA,NA,NA
"LA-01-01","LA","k13-Cys469Phe",0,0,0,NA,NA,NA,NA
"LA-01-01","LA","k13-Cys469Tyr",0,0,0,NA,NA,NA,NA
"LA-01-02","LA","k13-Ala675Val",3,0,3,NA,NA,NA,NA
"LA-01-02","LA","k13-Arg561His",0,0,0,NA,NA,NA,NA
"LA-01-02","LA","k13-Cys469Phe",0,0,0,NA,NA,NA,NA
"LA-01-02","LA","k13-Cys469Tyr",0,0,0,NA,NA,NA,NA
"LA-01-03","LA","k13-Ala675Val",32,0,32,0,NA,0,NA
"LA-01-03","LA","k13-Arg561His",18,0,18,0,NA,0,NA
"LA-01-03","LA","k13-Cys469Phe",6,0,6,0,NA,0,NA
"LA-01-03","LA","k13-Cys469Tyr",6,0,6,0,NA,0,NA
"LA-01-04","LA","k13-Ala675Val",164,0,164,0,NA,0,NA
"LA-01-04","LA","k13-Arg561His",74,0,74,0,NA,0,NA
"LA-01-04","LA","k13-Cys469Phe",6,0,48,0,NA,0,NA
"LA-01-04","LA","k13-Cys469Tyr",6,42,48,1,NA,1,NA
"LA-01-05","LA","k13-Ala675Val",0,0,0,NA,NA,NA,NA
"LA-01-05","LA","k13-Arg561His",0,0,0,NA,NA,NA,NA
"LA-01-05","LA","k13-Cys469Phe",0,0,0,NA,NA,NA,NA
"LA-01-05","LA","k13-Cys469Tyr",0,0,0,NA,NA,NA,NA
"LA-01-06","LA","k13-Ala675Val",0,0,0,NA,NA,NA,NA
"LA-01-06","LA","k13-Arg561His",0,0,0,NA,NA,NA,NA
"LA-01-06","LA","k13-Cys469Phe",0,0,0,NA,NA,NA,NA
"LA-01-06","LA","k13-Cys469Tyr",0,0,0,NA,NA,NA,NA
"LA-01-07","LA","k13-Ala675Val",36,0,36,0,NA,0,NA
"LA-01-07","LA","k13-Arg561His",23,0,23,0,NA,0,NA
"LA-01-07","LA","k13-Cys469Phe",2,0,6,NA,NA,NA,NA
"LA-01-07","LA","k13-Cys469Tyr",2,4,6,2,NA,2,NA
"LA-01-08","LA","k13-Ala675Val",114,0,114,0,NA,0,NA
"LA-01-08","LA","k13-Arg561His",55,0,55,0,NA,0,NA
"LA-01-08","LA","k13-Cys469Phe",20,0,20,0,NA,0,NA
"LA-01-08","LA","k13-Cys469Tyr",20,0,20,0,NA,0,NA
"LA-01-09","LA","k13-Ala675Val",606,0,606,0,NA,0,NA
"LA-01-09","LA","k13-Arg561His",301,0,301,0,NA,0,NA
"LA-01-09","LA","k13-Cys469Phe",225,0,225,0,NA,0,NA
"LA-01-09","LA","k13-Cys469Tyr",225,0,225,0,NA,0,NA
"LA-01-10","LA","k13-Ala675Val",-5,5,0,NA,NA,NA,NA
"LA-01-10","LA","k13-Arg561His",5,0,5,NA,NA,NA,NA
"LA-01-10","LA","k13-Cys469Phe",5,0,5,NA,NA,NA,NA
"LA-01-10","LA","k13-Cys469Tyr",5,0,5,NA,NA,NA,NA
"LA-01-11","LA","k13-Ala675Val",8,0,8,0,NA,0,NA
"LA-01-11","LA","k13-Arg561His",1,0,1,NA,NA,NA,NA
"LA-01-11","LA","k13-Cys469Phe",3,0,3,NA,NA,NA,NA
"LA-01-11","LA","k13-Cys469Tyr",3,0,3,NA,NA,NA,NA
"LA-01-13","LA","k13-Ala675Val",0,0,0,NA,NA,NA,NA
"LA-01-13","LA","k13-Arg561His",0,0,0,NA,NA,NA,NA
"LA-01-13","LA","k13-Cys469Phe",0,0,0,NA,NA,NA,NA
"LA-01-13","LA","k13-Cys469Tyr",0,0,0,NA,NA,NA,NA
"LA-01-15","LA","k13-Ala675Val",13,45,58,1,NA,1,NA
"LA-01-15","LA","k13-Arg561His",30,0,30,0,NA,0,NA
"LA-01-15","LA","k13-Cys469Phe",18,0,18,0,NA,0,NA
"LA-01-15","LA","k13-Cys469Tyr",18,0,18,0,NA,0,NA
"LA-01-16","LA","k13-Ala675Val",0,0,0,NA,NA,NA,NA
"LA-01-16","LA","k13-Arg561His",0,0,0,NA,NA,NA,NA
"LA-01-16","LA","k13-Cys469Phe",0,0,0,NA,NA,NA,NA
"LA-01-16","LA","k13-Cys469Tyr",0,0,0,NA,NA,NA,NA
"LA-01-17","LA","k13-Ala675Val",246,9,255,0,NA,0,NA
"LA-01-17","LA","k13-Arg561His",137,0,137,0,NA,0,NA
"LA-01-17","LA","k13-Cys469Phe",42,0,42,0,NA,0,NA
"LA-01-17","LA","k13-Cys469Tyr",42,0,42,0,NA,0,NA
"LA-01-18","LA","k13-Ala675Val",1096,0,1096,0,NA,0,NA
"LA-01-18","LA","k13-Arg561His",744,0,744,0,NA,0,NA
"LA-01-18","LA","k13-Cys469Phe",338,0,338,0,NA,0,NA
"LA-01-18","LA","k13-Cys469Tyr",338,0,338,0,NA,0,NA
"LA-01-19","LA","k13-Ala675Val",1152,0,1152,0,NA,0,NA
"LA-01-19","LA","k13-Arg561His",653,0,653,0,NA,0,NA
"LA-01-19","LA","k13-Cys469Phe",287,0,287,0,NA,0,NA
"LA-01-19","LA","k13-Cys469Tyr",287,0,287,0,NA,0,NA
"LA-01-20","LA","k13-Ala675Val",725,0,725,0,NA,0,NA
"LA-01-20","LA","k13-Arg561His",431,0,431,0,NA,0,NA
"LA-01-20","LA","k13-Cys469Phe",145,0,145,0,NA,0,NA
"LA-01-20","LA","k13-Cys469Tyr",145,0,145,0,NA,0,NA
"LA-01-21","LA","k13-Ala675Val",2243,0,2243,0,NA,0,NA
"LA-01-21","LA","k13-Arg561His",1964,0,1964,0,NA,0,NA
"LA-01-21","LA","k13-Cys469Phe",511,0,511,0,NA,0,NA
"LA-01-21","LA","k13-Cys469Tyr",511,0,511,0,NA,0,NA
"LA-01-22","LA","k13-Ala675Val",0,0,0,NA,NA,NA,NA
"LA-01-22","LA","k13-Arg561His",1,0,1,NA,NA,NA,NA
"LA-01-22","LA","k13-Cys469Phe",0,0,0,NA,NA,NA,NA
"LA-01-22","LA","k13-Cys469Tyr",0,0,0,NA,NA,NA,NA
"LA-01-23","LA","k13-Ala675Val",50,0,50,0,NA,0,NA
"LA-01-23","LA","k13-Arg561His",36,0,36,0,NA,0,NA
"LA-01-23","LA","k13-Cys469Phe",15,0,15,0,NA,0,NA
"LA-01-23","LA","k13-Cys469Tyr",15,0,15,0,NA,0,NA
"LA-01-24","LA","k13-Ala675Val",0,0,0,NA,NA,NA,NA
"LA-01-24","LA","k13-Arg561His",1,0,1,NA,NA,NA,NA
"LA-01-24","LA","k13-Cys469Phe",2,0,2,NA,NA,NA,NA
"LA-01-24","LA","k13-Cys469Tyr",2,0,2,NA,NA,NA,NA
"LA-01-25","LA","k13-Ala675Val",7,0,7,0,NA,0,NA
"LA-01-25","LA","k13-Arg561His",11,0,11,0,NA,0,NA
"LA-01-25","LA","k13-Cys469Phe",3,0,3,NA,NA,NA,NA
"LA-01-25","LA","k13-Cys469Tyr",3,0,3,NA,NA,NA,NA
"LA-01-27","LA","k13-Ala675Val",1,0,1,NA,NA,NA,NA
"LA-01-27","LA","k13-Arg561His",0,0,0,NA,NA,NA,NA
"LA-01-27","LA","k13-Cys469Phe",1,0,1,NA,NA,NA,NA
"LA-01-27","LA","k13-Cys469Tyr",1,0,1,NA,NA,NA,NA
"LA-01-28","LA","k13-Ala675Val",16,0,16,0,NA,0,NA
"LA-01-28","LA","k13-Arg561His",9,0,9,0,NA,0,NA
"LA-01-28","LA","k13-Cys469Phe",7,0,7,0,NA,0,NA
"LA-01-28","LA","k13-Cys469Tyr",7,0,7,0,NA,0,NA
"LA-01-29","LA","k13-Ala675Val",0,0,0,NA,NA,NA,NA
"LA-01-29","LA","k13-Arg561His",0,0,0,NA,NA,NA,NA
"LA-01-29","LA","k13-Cys469Phe",0,0,0,NA,NA,NA,NA
"LA-01-29","LA","k13-Cys469Tyr",0,0,0,NA,NA,NA,NA
"LA-01-30","LA","k13-Ala675Val",17,67,84,1,NA,1,NA
"LA-01-30","LA","k13-Arg561His",67,0,67,0,NA,0,NA
"LA-01-30","LA","k13-Cys469Phe",45,0,45,0,NA,0,NA
"LA-01-30","LA","k13-Cys469Tyr",45,0,45,0,NA,0,NA
"LA-01-31","LA","k13-Ala675Val",460,0,460,0,NA,0,NA
"LA-01-31","LA","k13-Arg561His",441,0,441,0,NA,0,NA
"LA-01-31","LA","k13-Cys469Phe",158,0,158,0,NA,0,NA
"LA-01-31","LA","k13-Cys469Tyr",158,0,158,0,NA,0,NA
"LA-01-32","LA","k13-Ala675Val",23,0,23,0,NA,0,NA
"LA-01-32","LA","k13-Arg561His",13,0,13,0,NA,0,NA
"LA-01-32","LA","k13-Cys469Phe",9,0,9,0,NA,0,NA
"LA-01-32","LA","k13-Cys469Tyr",9,0,9,0,NA,0,NA
"LA-01-33","LA","k13-Ala675Val",0,0,0,NA,NA,NA,NA
"LA-01-33","LA","k13-Arg561His",0,0,0,NA,NA,NA,NA
"LA-01-33","LA","k13-Cys469Phe",0,0,0,NA,NA,NA,NA
"LA-01-33","LA","k13-Cys469Tyr",0,0,0,NA,NA,NA,NA
"LA-01-34","LA","k13-Ala675Val",41,0,41,0,NA,0,NA
"LA-01-34","LA","k13-Arg561His",57,0,57,0,NA,0,NA
"LA-01-34","LA","k13-Cys469Phe",18,0,18,0,NA,0,NA
"LA-01-34","LA","k13-Cys469Tyr",18,0,18,0,NA,0,NA
"LA-01-35","LA","k13-Ala675Val",328,0,328,0,NA,0,NA
"LA-01-35","LA","k13-Arg561His",284,0,284,0,NA,0,NA
"LA-01-35","LA","k13-Cys469Phe",123,0,123,0,NA,0,NA
"LA-01-35","LA","k13-Cys469Tyr",123,0,123,0,NA,0,NA
"LA-01-36","LA","k13-Ala675Val",0,0,0,NA,NA,NA,NA
"LA-01-36","LA","k13-Arg561His",1,0,1,NA,NA,NA,NA
"LA-01-36","LA","k13-Cys469Phe",0,0,0,NA,NA,NA,NA
"LA-01-36","LA","k13-Cys469Tyr",0,0,0,NA,NA,NA,NA
"LA-01-37","LA","k13-Ala675Val",306,0,306,0,NA,0,NA
"LA-01-37","LA","k13-Arg561His",127,0,127,0,NA,0,NA
"LA-01-37","LA","k13-Cys469Phe",134,0,134,0,NA,0,NA
"LA-01-37","LA","k13-Cys469Tyr",0,134,134,2,NA,2,NA
"LA-01-38","LA","k13-Ala675Val",374,0,374,0,NA,0,NA
"LA-01-38","LA","k13-Arg561His",168,0,168,0,NA,0,NA
"LA-01-38","LA","k13-Cys469Phe",176,0,176,0,NA,0,NA
"LA-01-38","LA","k13-Cys469Tyr",176,0,176,0,NA,0,NA
"LA-01-39","LA","k13-Ala675Val",1,0,1,NA,NA,NA,NA
"LA-01-39","LA","k13-Arg561His",0,0,0,NA,NA,NA,NA
"LA-01-39","LA","k13-Cys469Phe",0,0,0,NA,NA,NA,NA
"LA-01-39","LA","k13-Cys469Tyr",0,0,0,NA,NA,NA,NA
"LA-01-40","LA","k13-Ala675Val",4,0,4,NA,NA,NA,NA
"LA-01-40","LA","k13-Arg561His",0,0,0,NA,NA,NA,NA
"LA-01-40","LA","k13-Cys469Phe",0,0,0,NA,NA,NA,NA
"LA-01-40","LA","k13-Cys469Tyr",-2,2,0,NA,NA,NA,NA
"LA-01-41","LA","k13-Ala675Val",665,0,665,0,NA,0,NA
"LA-01-41","LA","k13-Arg561His",361,0,361,0,NA,0,NA
"LA-01-41","LA","k13-Cys469Phe",321,0,321,0,NA,0,NA
"LA-01-41","LA","k13-Cys469Tyr",321,0,321,0,NA,0,NA
"LA-01-42","LA","k13-Ala675Val",31,0,31,0,NA,0,NA
"LA-01-42","LA","k13-Arg561His",15,0,15,0,NA,0,NA
"LA-01-42","LA","k13-Cys469Phe",11,0,11,0,NA,0,NA
"LA-01-42","LA","k13-Cys469Tyr",11,0,11,0,NA,0,NA
"LA-01-44","LA","k13-Ala675Val",0,0,0,NA,NA,NA,NA
"LA-01-44","LA","k13-Arg561His",0,0,0,NA,NA,NA,NA
"LA-01-44","LA","k13-Cys469Phe",0,0,0,NA,NA,NA,NA
"LA-01-44","LA","k13-Cys469Tyr",0,0,0,NA,NA,NA,NA
"LA-01-46","LA","k13-Ala675Val",0,0,0,NA,NA,NA,NA
"LA-01-46","LA","k13-Arg561His",1,0,1,NA,NA,NA,NA
"LA-01-46","LA","k13-Cys469Phe",0,0,0,NA,NA,NA,NA
"LA-01-46","LA","k13-Cys469Tyr",0,0,0,NA,NA,NA,NA
"LA-01-47","LA","k13-Ala675Val",0,0,0,NA,NA,NA,NA
"LA-01-47","LA","k13-Arg561His",2,0,2,NA,NA,NA,NA
"LA-01-47","LA","k13-Cys469Phe",1,0,1,NA,NA,NA,NA
"LA-01-47","LA","k13-Cys469Tyr",1,0,1,NA,NA,NA,NA
"LA-01-49","LA","k13-Ala675Val",2,0,2,NA,NA,NA,NA
"LA-01-49","LA","k13-Arg561His",2,0,2,NA,NA,NA,NA
"LA-01-49","LA","k13-Cys469Phe",0,0,0,NA,NA,NA,NA
"LA-01-49","LA","k13-Cys469Tyr",0,0,0,NA,NA,NA,NA
"LA-01-50","LA","k13-Ala675Val",2,0,2,NA,NA,NA,NA
"LA-01-50","LA","k13-Arg561His",0,0,0,NA,NA,NA,NA
"LA-01-50","LA","k13-Cys469Phe",0,0,0,NA,NA,NA,NA
"LA-01-50","LA","k13-Cys469Tyr",0,0,0,NA,NA,NA,NA
"MU-01-01","MU","k13-Ala675Val",1324,0,1324,0,NA,0,NA
"MU-01-01","MU","k13-Arg561His",555,0,555,0,NA,0,NA
"MU-01-01","MU","k13-Cys469Phe",582,0,582,0,NA,0,NA
"MU-01-01","MU","k13-Cys469Tyr",582,0,582,0,NA,0,NA
"MU-01-02","MU","k13-Ala675Val",3979,0,3979,0,NA,0,NA
"MU-01-02","MU","k13-Arg561His",1994,0,1994,0,NA,0,NA
"MU-01-02","MU","k13-Cys469Phe",1996,0,1996,0,NA,0,NA
"MU-01-02","MU","k13-Cys469Tyr",1996,0,1996,0,NA,0,NA
"MU-01-03","MU","k13-Ala675Val",1739,0,1739,0,NA,0,NA
"MU-01-03","MU","k13-Arg561His",860,0,860,0,NA,0,NA
"MU-01-03","MU","k13-Cys469Phe",837,0,837,0,NA,0,NA
"MU-01-03","MU","k13-Cys469Tyr",837,0,837,0,NA,0,NA
"MU-01-04","MU","k13-Ala675Val",0,0,0,NA,NA,NA,NA
"MU-01-04","MU","k13-Arg561His",0,0,0,NA,NA,NA,NA
"MU-01-04","MU","k13-Cys469Phe",0,0,0,NA,NA,NA,NA
"MU-01-04","MU","k13-Cys469Tyr",0,0,0,NA,NA,NA,NA
"MU-01-05","MU","k13-Ala675Val",2377,0,2377,0,NA,0,NA
"MU-01-05","MU","k13-Arg561His",1101,0,1101,0,NA,0,NA
"MU-01-05","MU","k13-Cys469Phe",1182,0,1182,0,NA,0,NA
"MU-01-05","MU","k13-Cys469Tyr",1182,0,1182,0,NA,0,NA
"MU-01-06","MU","k13-Ala675Val",1639,0,1639,0,NA,0,NA
"MU-01-06","MU","k13-Arg561His",812,0,812,0,NA,0,NA
"MU-01-06","MU","k13-Cys469Phe",869,0,869,0,NA,0,NA
"MU-01-06","MU","k13-Cys469Tyr",869,0,869,0,NA,0,NA
"MU-01-07","MU","k13-Ala675Val",2853,0,2853,0,NA,0,NA
"MU-01-07","MU","k13-Arg561His",1320,0,1320,0,NA,0,NA
"MU-01-07","MU","k13-Cys469Phe",1508,0,1508,0,NA,0,NA
"MU-01-07","MU","k13-Cys469Tyr",1508,0,1508,0,NA,0,NA
"MU-01-08","MU","k13-Ala675Val",53,0,53,0,NA,0,NA
"MU-01-08","MU","k13-Arg561His",29,0,29,0,NA,0,NA
"MU-01-08","MU","k13-Cys469Phe",30,0,30,0,NA,0,NA
"MU-01-08","MU","k13-Cys469Tyr",30,0,30,0,NA,0,NA
"MU-01-09","MU","k13-Ala675Val",0,0,0,NA,NA,NA,NA
"MU-01-09","MU","k13-Arg561His",0,0,0,NA,NA,NA,NA
"MU-01-09","MU","k13-Cys469Phe",0,0,0,NA,NA,NA,NA
"MU-01-09","MU","k13-Cys469Tyr",0,0,0,NA,NA,NA,NA
"MU-01-10","MU","k13-Ala675Val",6,0,6,0,NA,0,NA
"MU-01-10","MU","k13-Arg561His",1,0,1,NA,NA,NA,NA
"MU-01-10","MU","k13-Cys469Phe",2,0,2,NA,NA,NA,NA
"MU-01-10","MU","k13-Cys469Tyr",2,0,2,NA,NA,NA,NA
"MU-01-11","MU","k13-Ala675Val",87,0,87,0,NA,0,NA
"MU-01-11","MU","k13-Arg561His",43,0,43,0,NA,0,NA
"MU-01-11","MU","k13-Cys469Phe",71,0,71,0,NA,0,NA
"MU-01-11","MU","k13-Cys469Tyr",71,0,71,0,NA,0,NA
"MU-01-12","MU","k13-Ala675Val",43,0,43,0,NA,0,NA
"MU-01-12","MU","k13-Arg561His",20,0,20,0,NA,0,NA
"MU-01-12","MU","k13-Cys469Phe",22,0,22,0,NA,0,NA
"MU-01-12","MU","k13-Cys469Tyr",22,0,22,0,NA,0,NA
"MU-01-13","MU","k13-Ala675Val",582,0,582,0,NA,0,NA
"MU-01-13","MU","k13-Arg561His",275,0,275,0,NA,0,NA
"MU-01-13","MU","k13-Cys469Phe",397,0,397,0,NA,0,NA
"MU-01-13","MU","k13-Cys469Tyr",397,0,397,0,NA,0,NA
"MU-01-14","MU","k13-Ala675Val",2,0,2,NA,NA,NA,NA
"MU-01-14","MU","k13-Arg561His",1,0,1,NA,NA,NA,NA
"MU-01-14","MU","k13-Cys469Phe",5,0,5,NA,NA,NA,NA
"MU-01-14","MU","k13-Cys469Tyr",5,0,5,NA,NA,NA,NA
"MU-01-15","MU","k13-Ala675Val",830,0,830,0,NA,0,NA
"MU-01-15","MU","k13-Arg561His",346,0,346,0,NA,0,NA
"MU-01-15","MU","k13-Cys469Phe",509,0,509,0,NA,0,NA
"MU-01-15","MU","k13-Cys469Tyr",509,0,509,0,NA,0,NA
"MU-01-16","MU","k13-Ala675Val",9,0,9,0,NA,0,NA
"MU-01-16","MU","k13-Arg561His",6,0,6,0,NA,0,NA
"MU-01-16","MU","k13-Cys469Phe",12,0,12,0,NA,0,NA
"MU-01-16","MU","k13-Cys469Tyr",12,0,12,0,NA,0,NA
"MU-01-18","MU","k13-Ala675Val",15,0,15,0,NA,0,NA
"MU-01-18","MU","k13-Arg561His",9,0,9,0,NA,0,NA
"MU-01-18","MU","k13-Cys469Phe",13,0,13,0,NA,0,NA
"MU-01-18","MU","k13-Cys469Tyr",13,0,13,0,NA,0,NA
"MU-01-19","MU","k13-Ala675Val",65,0,65,0,NA,0,NA
"MU-01-19","MU","k13-Arg561His",32,0,32,0,NA,0,NA
"MU-01-19","MU","k13-Cys469Phe",57,0,57,0,NA,0,NA
"MU-01-19","MU","k13-Cys469Tyr",57,0,57,0,NA,0,NA
"MU-01-21","MU","k13-Ala675Val",0,0,0,NA,NA,NA,NA
"MU-01-21","MU","k13-Arg561His",0,0,0,NA,NA,NA,NA
"MU-01-21","MU","k13-Cys469Phe",0,0,0,NA,NA,NA,NA
"MU-01-21","MU","k13-Cys469Tyr",0,0,0,NA,NA,NA,NA
"MU-01-22","MU","k13-Ala675Val",0,0,0,NA,NA,NA,NA
"MU-01-22","MU","k13-Arg561His",2,0,2,NA,NA,NA,NA
"MU-01-22","MU","k13-Cys469Phe",0,0,0,NA,NA,NA,NA
"MU-01-22","MU","k13-Cys469Tyr",0,0,0,NA,NA,NA,NA
"MU-01-23","MU","k13-Ala675Val",1872,0,1872,0,NA,0,NA
"MU-01-23","MU","k13-Arg561His",836,0,836,0,NA,0,NA
"MU-01-23","MU","k13-Cys469Phe",840,0,840,0,NA,0,NA
"MU-01-23","MU","k13-Cys469Tyr",840,0,840,0,NA,0,NA
"MU-01-24","MU","k13-Ala675Val",2,0,2,NA,NA,NA,NA
"MU-01-24","MU","k13-Arg561His",2,0,2,NA,NA,NA,NA
"MU-01-24","MU","k13-Cys469Phe",1,0,1,NA,NA,NA,NA
"MU-01-24","MU","k13-Cys469Tyr",1,0,1,NA,NA,NA,NA
"MU-01-25","MU","k13-Ala675Val",1,0,1,NA,NA,NA,NA
"MU-01-25","MU","k13-Arg561His",3,0,3,NA,NA,NA,NA
"MU-01-25","MU","k13-Cys469Phe",1,0,1,NA,NA,NA,NA
"MU-01-25","MU","k13-Cys469Tyr",1,0,1,NA,NA,NA,NA
"MU-01-26","MU","k13-Ala675Val",3733,0,3733,0,NA,0,NA
"MU-01-26","MU","k13-Arg561His",1852,0,1852,0,NA,0,NA
"MU-01-26","MU","k13-Cys469Phe",1999,0,1999,0,NA,0,NA
"MU-01-26","MU","k13-Cys469Tyr",1999,0,1999,0,NA,0,NA
"MU-01-27","MU","k13-Ala675Val",364,0,364,0,NA,0,NA
"MU-01-27","MU","k13-Arg561His",384,0,384,0,NA,0,NA
"MU-01-27","MU","k13-Cys469Phe",205,0,205,0,NA,0,NA
"MU-01-27","MU","k13-Cys469Tyr",205,0,205,0,NA,0,NA
"MU-01-28","MU","k13-Ala675Val",219,0,219,0,NA,0,NA
"MU-01-28","MU","k13-Arg561His",97,0,97,0,NA,0,NA
"MU-01-28","MU","k13-Cys469Phe",102,0,102,0,NA,0,NA
"MU-01-28","MU","k13-Cys469Tyr",102,0,102,0,NA,0,NA
"MU-01-29","MU","k13-Ala675Val",1356,0,1356,0,NA,0,NA
"MU-01-29","MU","k13-Arg561His",566,0,566,0,NA,0,NA
"MU-01-29","MU","k13-Cys469Phe",686,0,686,0,NA,0,NA
"MU-01-29","MU","k13-Cys469Tyr",686,0,686,0,NA,0,NA
"MU-01-30","MU","k13-Ala675Val",186,0,186,0,NA,0,NA
"MU-01-30","MU","k13-Arg561His",67,0,67,0,NA,0,NA
"MU-01-30","MU","k13-Cys469Phe",89,0,89,0,NA,0,NA
"MU-01-30","MU","k13-Cys469Tyr",89,0,89,0,NA,0,NA
"MU-01-32","MU","k13-Ala675Val",1360,0,1360,0,NA,0,NA
"MU-01-32","MU","k13-Arg561His",639,0,639,0,NA,0,NA
"MU-01-32","MU","k13-Cys469Phe",802,0,802,0,NA,0,NA
"MU-01-32","MU","k13-Cys469Tyr",802,0,802,0,NA,0,NA
"MU-01-33","MU","k13-Ala675Val",3,0,3,NA,NA,NA,NA
"MU-01-33","MU","k13-Arg561His",0,0,0,NA,NA,NA,NA
"MU-01-33","MU","k13-Cys469Phe",1,0,1,NA,NA,NA,NA
"MU-01-33","MU","k13-Cys469Tyr",1,0,1,NA,NA,NA,NA
"MU-01-34","MU","k13-Ala675Val",0,0,0,NA,NA,NA,NA
"MU-01-34","MU","k13-Arg561His",0,0,0,NA,NA,NA,NA
"MU-01-34","MU","k13-Cys469Phe",0,0,0,NA,NA,NA,NA
"MU-01-34","MU","k13-Cys469Tyr",0,0,0,NA,NA,NA,NA
"MU-01-35","MU","k13-Ala675Val",6,0,6,0,NA,0,NA
"MU-01-35","MU","k13-Arg561His",6,0,6,0,NA,0,NA
"MU-01-35","MU","k13-Cys469Phe",1,0,1,NA,NA,NA,NA
"MU-01-35","MU","k13-Cys469Tyr",1,0,1,NA,NA,NA,NA
"MU-01-37","MU","k13-Ala675Val",358,0,358,0,NA,0,NA
"MU-01-37","MU","k13-Arg561His",176,0,176,0,NA,0,NA
"MU-01-37","MU","k13-Cys469Phe",189,0,189,0,NA,0,NA
"MU-01-37","MU","k13-Cys469Tyr",189,0,189,0,NA,0,NA
"MU-01-38","MU","k13-Ala675Val",90,538,628,1,NA,1,NA
"MU-01-38","MU","k13-Arg561His",266,0,266,0,NA,0,NA
"MU-01-38","MU","k13-Cys469Phe",313,0,313,0,NA,0,NA
"MU-01-38","MU","k13-Cys469Tyr",313,0,313,0,NA,0,NA
"MU-01-39","MU","k13-Ala675Val",0,0,0,NA,NA,NA,NA
"MU-01-39","MU","k13-Arg561His",0,0,0,NA,NA,NA,NA
"MU-01-39","MU","k13-Cys469Phe",0,0,0,NA,NA,NA,NA
"MU-01-39","MU","k13-Cys469Tyr",0,0,0,NA,NA,NA,NA
"MU-01-40","MU","k13-Ala675Val",25,0,25,0,NA,0,NA
"MU-01-40","MU","k13-Arg561His",10,0,10,0,NA,0,NA
"MU-01-40","MU","k13-Cys469Phe",10,0,10,0,NA,0,NA
"MU-01-40","MU","k13-Cys469Tyr",10,0,10,0,NA,0,NA
"MU-01-41","MU","k13-Ala675Val",44,0,44,0,NA,0,NA
"MU-01-41","MU","k13-Arg561His",12,0,12,0,NA,0,NA
"MU-01-41","MU","k13-Cys469Phe",12,0,12,0,NA,0,NA
"MU-01-41","MU","k13-Cys469Tyr",12,0,12,0,NA,0,NA
"MU-01-42","MU","k13-Ala675Val",35,0,35,0,NA,0,NA
"MU-01-42","MU","k13-Arg561His",12,0,12,0,NA,0,NA
"MU-01-42","MU","k13-Cys469Phe",14,0,14,0,NA,0,NA
"MU-01-42","MU","k13-Cys469Tyr",14,0,14,0,NA,0,NA
"MU-01-44","MU","k13-Ala675Val",2,0,2,NA,NA,NA,NA
"MU-01-44","MU","k13-Arg561His",0,0,0,NA,NA,NA,NA
"MU-01-44","MU","k13-Cys469Phe",0,0,0,NA,NA,NA,NA
"MU-01-44","MU","k13-Cys469Tyr",0,0,0,NA,NA,NA,NA
"MU-01-45","MU","k13-Ala675Val",0,0,0,NA,NA,NA,NA
"MU-01-45","MU","k13-Arg561His",0,0,0,NA,NA,NA,NA
"MU-01-45","MU","k13-Cys469Phe",2,0,2,NA,NA,NA,NA
"MU-01-45","MU","k13-Cys469Tyr",2,0,2,NA,NA,NA,NA
"MU-01-46","MU","k13-Ala675Val",15,0,15,0,NA,0,NA
"MU-01-46","MU","k13-Arg561His",4,0,4,NA,NA,NA,NA
"MU-01-46","MU","k13-Cys469Phe",8,0,8,0,NA,0,NA
"MU-01-46","MU","k13-Cys469Tyr",8,0,8,0,NA,0,NA
"MU-01-47","MU","k13-Ala675Val",38,0,38,0,NA,0,NA
"MU-01-47","MU","k13-Arg561His",27,0,27,0,NA,0,NA
"MU-01-47","MU","k13-Cys469Phe",32,0,32,0,NA,0,NA
"MU-01-47","MU","k13-Cys469Tyr",32,0,32,0,NA,0,NA
"MU-01-48","MU","k13-Ala675Val",505,0,505,0,NA,0,NA
"MU-01-48","MU","k13-Arg561His",287,0,287,0,NA,0,NA
"MU-01-48","MU","k13-Cys469Phe",333,0,333,0,NA,0,NA
"MU-01-48","MU","k13-Cys469Tyr",333,0,333,0,NA,0,NA
"MU-01-50","MU","k13-Ala675Val",9,0,9,0,NA,0,NA
"MU-01-50","MU","k13-Arg561His",8,0,8,0,NA,0,NA
"MU-01-50","MU","k13-Cys469Phe",10,0,10,0,NA,0,NA
"MU-01-50","MU","k13-Cys469Tyr",10,0,10,0,NA,0,NA
"TO-01-01","TO","k13-Ala675Val",3981,0,3981,0,NA,0,NA
"TO-01-01","TO","k13-Arg561His",1990,0,1990,0,NA,0,NA
"TO-01-01","TO","k13-Cys469Phe",1989,0,1989,0,NA,0,NA
"TO-01-01","TO","k13-Cys469Tyr",1989,0,1989,0,NA,0,NA
"TO-01-02","TO","k13-Ala675Val",30,0,30,0,NA,0,NA
"TO-01-02","TO","k13-Arg561His",14,0,14,0,NA,0,NA
"TO-01-02","TO","k13-Cys469Phe",19,0,19,0,NA,0,NA
"TO-01-02","TO","k13-Cys469Tyr",19,0,19,0,NA,0,NA
"TO-01-03","TO","k13-Ala675Val",60,0,60,0,NA,0,NA
"TO-01-03","TO","k13-Arg561His",27,0,27,0,NA,0,NA
"TO-01-03","TO","k13-Cys469Phe",37,0,37,0,NA,0,NA
"TO-01-03","TO","k13-Cys469Tyr",37,0,37,0,NA,0,NA
"TO-01-05","TO","k13-Ala675Val",1,0,1,NA,NA,NA,NA
"TO-01-05","TO","k13-Arg561His",1,0,1,NA,NA,NA,NA
"TO-01-05","TO","k13-Cys469Phe",1,0,1,NA,NA,NA,NA
"TO-01-05","TO","k13-Cys469Tyr",1,0,1,NA,NA,NA,NA
"TO-01-07","TO","k13-Ala675Val",11,0,11,0,NA,0,NA
"TO-01-07","TO","k13-Arg561His",14,0,14,0,NA,0,NA
"TO-01-07","TO","k13-Cys469Phe",12,0,12,0,NA,0,NA
"TO-01-07","TO","k13-Cys469Tyr",12,0,12,0,NA,0,NA
"TO-01-08","TO","k13-Ala675Val",38,0,38,0,NA,0,NA
"TO-01-08","TO","k13-Arg561His",23,0,23,0,NA,0,NA
"TO-01-08","TO","k13-Cys469Phe",17,0,17,0,NA,0,NA
"TO-01-08","TO","k13-Cys469Tyr",17,0,17,0,NA,0,NA
"TO-01-11","TO","k13-Ala675Val",2482,0,2482,0,NA,0,NA
"TO-01-11","TO","k13-Arg561His",1270,0,1270,0,NA,0,NA
"TO-01-11","TO","k13-Cys469Phe",1425,0,1425,0,NA,0,NA
"TO-01-11","TO","k13-Cys469Tyr",1425,0,1425,0,NA,0,NA
"TO-01-12","TO","k13-Ala675Val",596,0,596,0,NA,0,NA
"TO-01-12","TO","k13-Arg561His",220,0,220,0,NA,0,NA
"TO-01-12","TO","k13-Cys469Phe",328,0,328,0,NA,0,NA
"TO-01-12","TO","k13-Cys469Tyr",328,0,328,0,NA,0,NA
"TO-01-13","TO","k13-Ala675Val",1402,0,1402,0,NA,0,NA
"TO-01-13","TO","k13-Arg561His",834,0,834,0,NA,0,NA
"TO-01-13","TO","k13-Cys469Phe",869,0,869,0,NA,0,NA
"TO-01-13","TO","k13-Cys469Tyr",869,0,869,0,NA,0,NA
"TO-01-14","TO","k13-Ala675Val",125,0,125,0,NA,0,NA
"TO-01-14","TO","k13-Arg561His",85,0,85,0,NA,0,NA
"TO-01-14","TO","k13-Cys469Phe",100,0,100,0,NA,0,NA
"TO-01-14","TO","k13-Cys469Tyr",100,0,100,0,NA,0,NA
"TO-01-15","TO","k13-Ala675Val",290,0,290,0,NA,0,NA
"TO-01-15","TO","k13-Arg561His",234,0,234,0,NA,0,NA
"TO-01-15","TO","k13-Cys469Phe",252,0,252,0,NA,0,NA
"TO-01-15","TO","k13-Cys469Tyr",252,0,252,0,NA,0,NA
"TO-01-16","TO","k13-Ala675Val",1,0,1,NA,NA,NA,NA
"TO-01-16","TO","k13-Arg561His",0,0,0,NA,NA,NA,NA
"TO-01-16","TO","k13-Cys469Phe",1,0,1,NA,NA,NA,NA
"TO-01-16","TO","k13-Cys469Tyr",1,0,1,NA,NA,NA,NA
"TO-01-17","TO","k13-Ala675Val",266,0,266,0,NA,0,NA
"TO-01-17","TO","k13-Arg561His",194,0,194,0,NA,0,NA
"TO-01-17","TO","k13-Cys469Phe",190,0,190,0,NA,0,NA
"TO-01-17","TO","k13-Cys469Tyr",190,0,190,0,NA,0,NA
"TO-01-18","TO","k13-Ala675Val",15,0,15,0,NA,0,NA
"TO-01-18","TO","k13-Arg561His",18,0,18,0,NA,0,NA
"TO-01-18","TO","k13-Cys469Phe",18,0,18,0,NA,0,NA
"TO-01-18","TO","k13-Cys469Tyr",18,0,18,0,NA,0,NA
"TO-01-19","TO","k13-Ala675Val",221,0,221,0,NA,0,NA
"TO-01-19","TO","k13-Arg561His",156,0,156,0,NA,0,NA
"TO-01-19","TO","k13-Cys469Phe",176,0,176,0,NA,0,NA
"TO-01-19","TO","k13-Cys469Tyr",176,0,176,0,NA,0,NA
"TO-01-20","TO","k13-Ala675Val",0,0,0,NA,NA,NA,NA
"TO-01-20","TO","k13-Arg561His",0,0,0,NA,NA,NA,NA
"TO-01-20","TO","k13-Cys469Phe",0,0,0,NA,NA,NA,NA
"TO-01-20","TO","k13-Cys469Tyr",0,0,0,NA,NA,NA,NA
"TO-01-21","TO","k13-Ala675Val",3,0,3,NA,NA,NA,NA
"TO-01-21","TO","k13-Arg561His",6,0,6,0,NA,0,NA
"TO-01-21","TO","k13-Cys469Phe",2,0,2,NA,NA,NA,NA
"TO-01-21","TO","k13-Cys469Tyr",2,0,2,NA,NA,NA,NA
"TO-01-23","TO","k13-Ala675Val",2342,0,2342,0,NA,0,NA
"TO-01-23","TO","k13-Arg561His",1226,0,1226,0,NA,0,NA
"TO-01-23","TO","k13-Cys469Phe",1386,0,1386,0,NA,0,NA
"TO-01-23","TO","k13-Cys469Tyr",1386,0,1386,0,NA,0,NA
"TO-01-24","TO","k13-Ala675Val",710,0,710,0,NA,0,NA
"TO-01-24","TO","k13-Arg561His",501,0,501,0,NA,0,NA
"TO-01-24","TO","k13-Cys469Phe",521,0,521,0,NA,0,NA
"TO-01-24","TO","k13-Cys469Tyr",521,0,521,0,NA,0,NA
"TO-01-25","TO","k13-Ala675Val",7,0,7,0,NA,0,NA
"TO-01-25","TO","k13-Arg561His",11,0,11,0,NA,0,NA
"TO-01-25","TO","k13-Cys469Phe",13,0,13,0,NA,0,NA
"TO-01-25","TO","k13-Cys469Tyr",13,0,13,0,NA,0,NA
"TO-01-27","TO","k13-Ala675Val",43,0,43,0,NA,0,NA
"TO-01-27","TO","k13-Arg561His",31,0,31,0,NA,0,NA
"TO-01-27","TO","k13-Cys469Phe",29,0,29,0,NA,0,NA
"TO-01-27","TO","k13-Cys469Tyr",29,0,29,0,NA,0,NA
"TO-01-28","TO","k13-Ala675Val",2691,0,2691,0,NA,0,NA
"TO-01-28","TO","k13-Arg561His",1167,0,1167,0,NA,0,NA
"TO-01-28","TO","k13-Cys469Phe",1333,0,1333,0,NA,0,NA
"TO-01-28","TO","k13-Cys469Tyr",1333,0,1333,0,NA,0,NA
"TO-01-29","TO","k13-Ala675Val",182,0,182,0,NA,0,NA
"TO-01-29","TO","k13-Arg561His",107,0,107,0,NA,0,NA
"TO-01-29","TO","k13-Cys469Phe",113,0,113,0,NA,0,NA
"TO-01-29","TO","k13-Cys469Tyr",113,0,113,0,NA,0,NA
"TO-01-30","TO","k13-Ala675Val",124,0,124,0,NA,0,NA
"TO-01-30","TO","k13-Arg561His",77,0,77,0,NA,0,NA
"TO-01-30","TO","k13-Cys469Phe",104,0,104,0,NA,0,NA
"TO-01-30","TO","k13-Cys469Tyr",104,0,104,0,NA,0,NA
"TO-01-31","TO","k13-Ala675Val",0,0,0,NA,NA,NA,NA
"TO-01-31","TO","k13-Arg561His",4,0,4,NA,NA,NA,NA
"TO-01-31","TO","k13-Cys469Phe",0,0,0,NA,NA,NA,NA
"TO-01-31","TO","k13-Cys469Tyr",0,0,0,NA,NA,NA,NA
"TO-01-32","TO","k13-Ala675Val",0,0,0,NA,NA,NA,NA
"TO-01-32","TO","k13-Arg561His",0,0,0,NA,NA,NA,NA
"TO-01-32","TO","k13-Cys469Phe",0,0,0,NA,NA,NA,NA
"TO-01-32","TO","k13-Cys469Tyr",0,0,0,NA,NA,NA,NA
"TO-01-33","TO","k13-Ala675Val",91,0,91,0,NA,0,NA
"TO-01-33","TO","k13-Arg561His",45,0,45,0,NA,0,NA
"TO-01-33","TO","k13-Cys469Phe",53,0,53,0,NA,0,NA
"TO-01-33","TO","k13-Cys469Tyr",53,0,53,0,NA,0,NA
"TO-01-34","TO","k13-Ala675Val",108,0,108,0,NA,0,NA
"TO-01-34","TO","k13-Arg561His",59,0,59,0,NA,0,NA
"TO-01-34","TO","k13-Cys469Phe",68,0,68,0,NA,0,NA
"TO-01-34","TO","k13-Cys469Tyr",68,0,68,0,NA,0,NA
"TO-01-35","TO","k13-Ala675Val",1,0,1,NA,NA,NA,NA
"TO-01-35","TO","k13-Arg561His",2,0,2,NA,NA,NA,NA
"TO-01-35","TO","k13-Cys469Phe",1,0,1,NA,NA,NA,NA
"TO-01-35","TO","k13-Cys469Tyr",1,0,1,NA,NA,NA,NA
"TO-01-36","TO","k13-Ala675Val",31,0,31,0,NA,0,NA
"TO-01-36","TO","k13-Arg561His",12,0,12,0,NA,0,NA
"TO-01-36","TO","k13-Cys469Phe",21,0,21,0,NA,0,NA
"TO-01-36","TO","k13-Cys469Tyr",21,0,21,0,NA,0,NA
"TO-01-37","TO","k13-Ala675Val",635,0,635,0,NA,0,NA
"TO-01-37","TO","k13-Arg561His",351,0,351,0,NA,0,NA
"TO-01-37","TO","k13-Cys469Phe",422,0,422,0,NA,0,NA
"TO-01-37","TO","k13-Cys469Tyr",422,0,422,0,NA,0,NA
"TO-01-38","TO","k13-Ala675Val",465,0,465,0,NA,0,NA
"TO-01-38","TO","k13-Arg561His",315,0,315,0,NA,0,NA
"TO-01-38","TO","k13-Cys469Phe",360,0,360,0,NA,0,NA
"TO-01-38","TO","k13-Cys469Tyr",360,0,360,0,NA,0,NA
"TO-01-39","TO","k13-Ala675Val",0,0,0,NA,NA,NA,NA
"TO-01-39","TO","k13-Arg561His",0,0,0,NA,NA,NA,NA
"TO-01-39","TO","k13-Cys469Phe",1,0,1,NA,NA,NA,NA
"TO-01-39","TO","k13-Cys469Tyr",1,0,1,NA,NA,NA,NA
"TO-01-40","TO","k13-Ala675Val",0,0,0,NA,NA,NA,NA
"TO-01-40","TO","k13-Arg561His",0,0,0,NA,NA,NA,NA
"TO-01-40","TO","k13-Cys469Phe",0,0,0,NA,NA,NA,NA
"TO-01-40","TO","k13-Cys469Tyr",0,0,0,NA,NA,NA,NA
"TO-01-41","TO","k13-Ala675Val",9,0,9,0,NA,0,NA
"TO-01-41","TO","k13-Arg561His",6,0,6,0,NA,0,NA
"TO-01-41","TO","k13-Cys469Phe",6,0,6,0,NA,0,NA
"TO-01-41","TO","k13-Cys469Tyr",6,0,6,0,NA,0,NA
"TO-01-51","TO","k13-Ala675Val",391,0,391,0,NA,0,NA
"TO-01-51","TO","k13-Arg561His",318,0,318,0,NA,0,NA
"TO-01-51","TO","k13-Cys469Phe",339,0,339,0,NA,0,NA
"TO-01-51","TO","k13-Cys469Tyr",339,0,339,0,NA,0,NA
