"","District","Locus","year","n","x","med","min_year","nobs","adj_year"
"1","Agago","P441L",2016,30,0,0,2018,1,-2
"2","Agago","P441L",2017,42,0,0,2018,1,-1
"3","Agago","P441L",2018,31,1,0.03,2018,1,0
"4","Agago","P441L",2019,46,0,0,2018,1,1
"5","Agago","P441L",2020,79,0,0,2018,1,2
"6","Agago","P441L",2021,54,0,0,2018,1,3
"7","Agago","P441L",2022,67,0,0,2018,1,4
"8","Agago","C469Y",2016,30,0,0,2017,6,-1
"9","Agago","C469Y",2017,44,2,0.05,2017,6,0
"10","Agago","C469Y",2018,31,1,0.03,2017,6,1
"11","Agago","C469Y",2019,47,10,0.21,2017,6,2
"12","Agago","C469Y",2020,79,33,0.42,2017,6,3
"13","Agago","C469Y",2021,50,8,0.16,2017,6,4
"14","Agago","C469Y",2022,67,19,0.28,2017,6,5
"15","Agago","A675V",2016,31,0,0,2017,6,-1
"16","Agago","A675V",2017,44,2,0.05,2017,6,0
"17","Agago","A675V",2018,35,1,0.03,2017,6,1
"18","Agago","A675V",2019,46,8,0.17,2017,6,2
"19","Agago","A675V",2020,79,13,0.16,2017,6,3
"20","Agago","A675V",2021,52,7,0.13,2017,6,4
"21","Agago","A675V",2022,68,9,0.13,2017,6,5
"22","Agago","C469F",2016,30,0,0,NA,0,NA
"23","Agago","C469F",2017,42,0,0,NA,0,NA
"24","Agago","C469F",2018,30,0,0,NA,0,NA
"25","Agago","C469F",2019,39,0,0,NA,0,NA
"26","Agago","C469F",2020,79,0,0,NA,0,NA
"27","Agago","C469F",2021,50,0,0,NA,0,NA
"28","Agago","C469F",2022,64,0,0,NA,0,NA
"29","Agago","R561H",2016,22,0,0,NA,0,NA
"30","Agago","R561H",2017,44,0,0,NA,0,NA
"31","Agago","R561H",2018,30,0,0,NA,0,NA
"32","Agago","R561H",2019,48,0,0,NA,0,NA
"33","Agago","R561H",2020,79,0,0,NA,0,NA
"34","Agago","R561H",2021,43,0,0,NA,0,NA
"35","Agago","R561H",2022,55,0,0,NA,0,NA
"36","Amolatar","P441L",2016,28,0,0,NA,0,NA
"37","Amolatar","P441L",2017,48,0,0,NA,0,NA
"38","Amolatar","P441L",2018,4,0,0,NA,0,NA
"39","Amolatar","P441L",2019,26,0,0,NA,0,NA
"40","Amolatar","P441L",2020,85,0,0,NA,0,NA
"41","Amolatar","P441L",2021,49,0,0,NA,0,NA
"42","Amolatar","P441L",2022,13,0,0,NA,0,NA
"43","Amolatar","C469Y",2016,28,0,0,2017,1,-1
"44","Amolatar","C469Y",2017,49,2,0.04,2017,1,0
"45","Amolatar","C469Y",2018,4,0,0,2017,1,1
"46","Amolatar","C469Y",2019,28,0,0,2017,1,2
"47","Amolatar","C469Y",2020,85,0,0,2017,1,3
"48","Amolatar","C469Y",2021,48,0,0,2017,1,4
"49","Amolatar","C469Y",2022,13,0,0,2017,1,5
"50","Amolatar","A675V",2016,30,0,0,2021,1,-5
"51","Amolatar","A675V",2017,49,0,0,2021,1,-4
"52","Amolatar","A675V",2018,27,0,0,2021,1,-3
"53","Amolatar","A675V",2019,27,0,0,2021,1,-2
"54","Amolatar","A675V",2020,85,0,0,2021,1,-1
"55","Amolatar","A675V",2021,50,1,0.02,2021,1,0
"56","Amolatar","A675V",2022,13,0,0,2021,1,1
"57","Amolatar","C469F",2016,28,0,0,NA,0,NA
"58","Amolatar","C469F",2017,48,0,0,NA,0,NA
"59","Amolatar","C469F",2018,4,0,0,NA,0,NA
"60","Amolatar","C469F",2019,17,0,0,NA,0,NA
"61","Amolatar","C469F",2020,85,0,0,NA,0,NA
"62","Amolatar","C469F",2021,48,0,0,NA,0,NA
"63","Amolatar","C469F",2022,13,0,0,NA,0,NA
"64","Amolatar","R561H",2016,13,0,0,NA,0,NA
"65","Amolatar","R561H",2017,48,0,0,NA,0,NA
"66","Amolatar","R561H",2018,11,0,0,NA,0,NA
"67","Amolatar","R561H",2019,25,0,0,NA,0,NA
"68","Amolatar","R561H",2020,85,0,0,NA,0,NA
"69","Amolatar","R561H",2021,49,0,0,NA,0,NA
"70","Amolatar","R561H",2022,13,0,0,NA,0,NA
"71","Arua","P441L",2016,31,0,0,2022,1,-6
"72","Arua","P441L",2017,42,0,0,2022,1,-5
"73","Arua","P441L",2018,20,0,0,2022,1,-4
"74","Arua","P441L",2019,24,0,0,2022,1,-3
"75","Arua","P441L",2020,81,0,0,2022,1,-2
"76","Arua","P441L",2021,69,0,0,2022,1,-1
"77","Arua","P441L",2022,76,1,0.01,2022,1,0
"78","Arua","C469Y",2016,31,0,0,2021,2,-5
"79","Arua","C469Y",2017,45,0,0,2021,2,-4
"80","Arua","C469Y",2018,20,0,0,2021,2,-3
"81","Arua","C469Y",2019,24,0,0,2021,2,-2
"82","Arua","C469Y",2020,81,0,0,2021,2,-1
"83","Arua","C469Y",2021,68,2,0.03,2021,2,0
"84","Arua","C469Y",2022,76,6,0.08,2021,2,1
"85","Arua","A675V",2016,33,0,0,2017,4,-1
"86","Arua","A675V",2017,45,1,0.02,2017,4,0
"87","Arua","A675V",2018,30,0,0,2017,4,1
"88","Arua","A675V",2019,29,1,0.03,2017,4,2
"89","Arua","A675V",2020,81,0,0,2017,4,3
"90","Arua","A675V",2021,68,1,0.01,2017,4,4
"91","Arua","A675V",2022,78,2,0.03,2017,4,5
"92","Arua","C469F",2016,31,0,0,NA,0,NA
"93","Arua","C469F",2017,43,0,0,NA,0,NA
"94","Arua","C469F",2018,20,0,0,NA,0,NA
"95","Arua","C469F",2019,10,0,0,NA,0,NA
"96","Arua","C469F",2020,81,0,0,NA,0,NA
"97","Arua","C469F",2021,68,0,0,NA,0,NA
"98","Arua","C469F",2022,70,0,0,NA,0,NA
"99","Arua","R561H",2016,29,0,0,NA,0,NA
"100","Arua","R561H",2017,43,0,0,NA,0,NA
"101","Arua","R561H",2018,24,0,0,NA,0,NA
"102","Arua","R561H",2019,24,0,0,NA,0,NA
"103","Arua","R561H",2020,81,0,0,NA,0,NA
"104","Arua","R561H",2021,56,0,0,NA,0,NA
"105","Arua","R561H",2022,67,0,0,NA,0,NA
"106","Hoima","P441L",2016,0,0,NA,2019,1,-3
"107","Hoima","P441L",2017,0,0,NA,2019,1,-2
"108","Hoima","P441L",2018,42,0,0,2019,1,-1
"109","Hoima","P441L",2019,79,1,0.01,2019,1,0
"110","Hoima","P441L",2020,92,0,0,2019,1,1
"111","Hoima","P441L",2021,82,0,0,2019,1,2
"112","Hoima","P441L",2022,60,0,0,2019,1,3
"113","Hoima","C469Y",2016,0,0,NA,2020,1,-4
"114","Hoima","C469Y",2017,0,0,NA,2020,1,-3
"115","Hoima","C469Y",2018,42,0,0,2020,1,-2
"116","Hoima","C469Y",2019,83,0,0,2020,1,-1
"117","Hoima","C469Y",2020,92,8,0.09,2020,1,0
"118","Hoima","C469Y",2021,82,0,0,2020,1,1
"119","Hoima","C469Y",2022,60,0,0,2020,1,2
"120","Hoima","A675V",2016,0,0,NA,2020,2,-4
"121","Hoima","A675V",2017,0,0,NA,2020,2,-3
"122","Hoima","A675V",2018,45,0,0,2020,2,-2
"123","Hoima","A675V",2019,82,0,0,2020,2,-1
"124","Hoima","A675V",2020,92,6,0.07,2020,2,0
"125","Hoima","A675V",2021,82,0,0,2020,2,1
"126","Hoima","A675V",2022,63,14,0.22,2020,2,2
"127","Hoima","C469F",2016,0,0,NA,2018,1,-2
"128","Hoima","C469F",2017,0,0,NA,2018,1,-1
"129","Hoima","C469F",2018,42,1,0.02,2018,1,0
"130","Hoima","C469F",2019,47,0,0,2018,1,1
"131","Hoima","C469F",2020,92,0,0,2018,1,2
"132","Hoima","C469F",2021,82,0,0,2018,1,3
"133","Hoima","C469F",2022,60,0,0,2018,1,4
"134","Hoima","R561H",2016,0,0,NA,NA,0,NA
"135","Hoima","R561H",2017,0,0,NA,NA,0,NA
"136","Hoima","R561H",2018,42,0,0,NA,0,NA
"137","Hoima","R561H",2019,82,0,0,NA,0,NA
"138","Hoima","R561H",2020,92,0,0,NA,0,NA
"139","Hoima","R561H",2021,65,0,0,NA,0,NA
"140","Hoima","R561H",2022,53,0,0,NA,0,NA
"141","Jinja","P441L",2016,29,0,0,NA,0,NA
"142","Jinja","P441L",2017,48,0,0,NA,0,NA
"143","Jinja","P441L",2018,37,0,0,NA,0,NA
"144","Jinja","P441L",2019,89,0,0,NA,0,NA
"145","Jinja","P441L",2020,96,0,0,NA,0,NA
"146","Jinja","P441L",2021,95,0,0,NA,0,NA
"147","Jinja","P441L",2022,99,0,0,NA,0,NA
"148","Jinja","C469Y",2016,29,0,0,NA,0,NA
"149","Jinja","C469Y",2017,48,0,0,NA,0,NA
"150","Jinja","C469Y",2018,37,0,0,NA,0,NA
"151","Jinja","C469Y",2019,91,0,0,NA,0,NA
"152","Jinja","C469Y",2020,96,0,0,NA,0,NA
"153","Jinja","C469Y",2021,95,0,0,NA,0,NA
"154","Jinja","C469Y",2022,99,0,0,NA,0,NA
"155","Jinja","A675V",2016,29,0,0,2022,1,-6
"156","Jinja","A675V",2017,48,0,0,2022,1,-5
"157","Jinja","A675V",2018,40,0,0,2022,1,-4
"158","Jinja","A675V",2019,90,0,0,2022,1,-3
"159","Jinja","A675V",2020,96,0,0,2022,1,-2
"160","Jinja","A675V",2021,95,0,0,2022,1,-1
"161","Jinja","A675V",2022,99,1,0.01,2022,1,0
"162","Jinja","C469F",2016,29,0,0,NA,0,NA
"163","Jinja","C469F",2017,48,0,0,NA,0,NA
"164","Jinja","C469F",2018,37,0,0,NA,0,NA
"165","Jinja","C469F",2019,43,0,0,NA,0,NA
"166","Jinja","C469F",2020,96,0,0,NA,0,NA
"167","Jinja","C469F",2021,95,0,0,NA,0,NA
"168","Jinja","C469F",2022,99,0,0,NA,0,NA
"169","Jinja","R561H",2016,27,0,0,2018,1,-2
"170","Jinja","R561H",2017,48,0,0,2018,1,-1
"171","Jinja","R561H",2018,38,1,0.03,2018,1,0
"172","Jinja","R561H",2019,89,0,0,2018,1,1
"173","Jinja","R561H",2020,96,0,0,2018,1,2
"174","Jinja","R561H",2021,74,0,0,2018,1,3
"175","Jinja","R561H",2022,92,0,0,2018,1,4
"176","Kaabong","P441L",2016,0,0,NA,NA,0,NA
"177","Kaabong","P441L",2017,0,0,NA,NA,0,NA
"178","Kaabong","P441L",2018,30,0,0,NA,0,NA
"179","Kaabong","P441L",2019,45,0,0,NA,0,NA
"180","Kaabong","P441L",2020,75,0,0,NA,0,NA
"181","Kaabong","P441L",2021,60,0,0,NA,0,NA
"182","Kaabong","P441L",2022,64,0,0,NA,0,NA
"183","Kaabong","C469Y",2016,0,0,NA,2018,4,-2
"184","Kaabong","C469Y",2017,0,0,NA,2018,4,-1
"185","Kaabong","C469Y",2018,30,2,0.07,2018,4,0
"186","Kaabong","C469Y",2019,45,0,0,2018,4,1
"187","Kaabong","C469Y",2020,75,13,0.17,2018,4,2
"188","Kaabong","C469Y",2021,57,7,0.12,2018,4,3
"189","Kaabong","C469Y",2022,64,10,0.16,2018,4,4
"190","Kaabong","A675V",2016,0,0,NA,2018,5,-2
"191","Kaabong","A675V",2017,0,0,NA,2018,5,-1
"192","Kaabong","A675V",2018,34,3,0.09,2018,5,0
"193","Kaabong","A675V",2019,46,10,0.22,2018,5,1
"194","Kaabong","A675V",2020,75,14,0.19,2018,5,2
"195","Kaabong","A675V",2021,59,10,0.17,2018,5,3
"196","Kaabong","A675V",2022,68,4,0.06,2018,5,4
"197","Kaabong","C469F",2016,0,0,NA,2021,1,-5
"198","Kaabong","C469F",2017,0,0,NA,2021,1,-4
"199","Kaabong","C469F",2018,29,0,0,2021,1,-3
"200","Kaabong","C469F",2019,31,0,0,2021,1,-2
"201","Kaabong","C469F",2020,75,0,0,2021,1,-1
"202","Kaabong","C469F",2021,57,3,0.05,2021,1,0
"203","Kaabong","C469F",2022,60,0,0,2021,1,1
"204","Kaabong","R561H",2016,0,0,NA,NA,0,NA
"205","Kaabong","R561H",2017,0,0,NA,NA,0,NA
"206","Kaabong","R561H",2018,30,0,0,NA,0,NA
"207","Kaabong","R561H",2019,44,0,0,NA,0,NA
"208","Kaabong","R561H",2020,75,0,0,NA,0,NA
"209","Kaabong","R561H",2021,40,0,0,NA,0,NA
"210","Kaabong","R561H",2022,54,0,0,NA,0,NA
"211","Kanungu","P441L",2016,37,0,0,2020,3,-4
"212","Kanungu","P441L",2017,48,0,0,2020,3,-3
"213","Kanungu","P441L",2018,36,0,0,2020,3,-2
"214","Kanungu","P441L",2019,59,0,0,2020,3,-1
"215","Kanungu","P441L",2020,91,2,0.02,2020,3,0
"216","Kanungu","P441L",2021,50,3,0.06,2020,3,1
"217","Kanungu","P441L",2022,65,15,0.23,2020,3,2
"218","Kanungu","C469Y",2016,37,0,0,NA,0,NA
"219","Kanungu","C469Y",2017,48,0,0,NA,0,NA
"220","Kanungu","C469Y",2018,35,0,0,NA,0,NA
"221","Kanungu","C469Y",2019,64,0,0,NA,0,NA
"222","Kanungu","C469Y",2020,91,0,0,NA,0,NA
"223","Kanungu","C469Y",2021,46,0,0,NA,0,NA
"224","Kanungu","C469Y",2022,65,0,0,NA,0,NA
"225","Kanungu","A675V",2016,37,0,0,2022,1,-6
"226","Kanungu","A675V",2017,48,0,0,2022,1,-5
"227","Kanungu","A675V",2018,38,0,0,2022,1,-4
"228","Kanungu","A675V",2019,61,0,0,2022,1,-3
"229","Kanungu","A675V",2020,94,0,0,2022,1,-2
"230","Kanungu","A675V",2021,44,0,0,2022,1,-1
"231","Kanungu","A675V",2022,64,2,0.03,2022,1,0
"232","Kanungu","C469F",2016,37,0,0,2018,3,-2
"233","Kanungu","C469F",2017,48,0,0,2018,3,-1
"234","Kanungu","C469F",2018,36,1,0.03,2018,3,0
"235","Kanungu","C469F",2019,40,0,0,2018,3,1
"236","Kanungu","C469F",2020,91,4,0.04,2018,3,2
"237","Kanungu","C469F",2021,46,2,0.04,2018,3,3
"238","Kanungu","C469F",2022,65,0,0,2018,3,4
"239","Kanungu","R561H",2016,37,0,0,2022,1,-6
"240","Kanungu","R561H",2017,48,0,0,2022,1,-5
"241","Kanungu","R561H",2018,36,0,0,2022,1,-4
"242","Kanungu","R561H",2019,62,0,0,2022,1,-3
"243","Kanungu","R561H",2020,91,0,0,2022,1,-2
"244","Kanungu","R561H",2021,37,0,0,2022,1,-1
"245","Kanungu","R561H",2022,51,1,0.02,2022,1,0
"246","Kapchorwa","P441L",2016,0,0,NA,NA,0,NA
"247","Kapchorwa","P441L",2017,0,0,NA,NA,0,NA
"248","Kapchorwa","P441L",2018,0,0,NA,NA,0,NA
"249","Kapchorwa","P441L",2019,16,0,0,NA,0,NA
"250","Kapchorwa","P441L",2020,0,0,NA,NA,0,NA
"251","Kapchorwa","P441L",2021,77,0,0,NA,0,NA
"252","Kapchorwa","P441L",2022,27,0,0,NA,0,NA
"253","Kapchorwa","C469Y",2016,0,0,NA,2021,2,-5
"254","Kapchorwa","C469Y",2017,0,0,NA,2021,2,-4
"255","Kapchorwa","C469Y",2018,0,0,NA,2021,2,-3
"256","Kapchorwa","C469Y",2019,16,0,0,2021,2,-2
"257","Kapchorwa","C469Y",2020,0,0,NA,2021,2,-1
"258","Kapchorwa","C469Y",2021,77,1,0.01,2021,2,0
"259","Kapchorwa","C469Y",2022,27,2,0.07,2021,2,1
"260","Kapchorwa","A675V",2016,0,0,NA,2021,2,-5
"261","Kapchorwa","A675V",2017,0,0,NA,2021,2,-4
"262","Kapchorwa","A675V",2018,0,0,NA,2021,2,-3
"263","Kapchorwa","A675V",2019,15,0,0,2021,2,-2
"264","Kapchorwa","A675V",2020,0,0,NA,2021,2,-1
"265","Kapchorwa","A675V",2021,71,3,0.04,2021,2,0
"266","Kapchorwa","A675V",2022,30,9,0.3,2021,2,1
"267","Kapchorwa","C469F",2016,0,0,NA,NA,0,NA
"268","Kapchorwa","C469F",2017,0,0,NA,NA,0,NA
"269","Kapchorwa","C469F",2018,0,0,NA,NA,0,NA
"270","Kapchorwa","C469F",2019,16,0,0,NA,0,NA
"271","Kapchorwa","C469F",2020,0,0,NA,NA,0,NA
"272","Kapchorwa","C469F",2021,77,0,0,NA,0,NA
"273","Kapchorwa","C469F",2022,26,0,0,NA,0,NA
"274","Kapchorwa","R561H",2016,0,0,NA,NA,0,NA
"275","Kapchorwa","R561H",2017,0,0,NA,NA,0,NA
"276","Kapchorwa","R561H",2018,0,0,NA,NA,0,NA
"277","Kapchorwa","R561H",2019,14,0,0,NA,0,NA
"278","Kapchorwa","R561H",2020,0,0,NA,NA,0,NA
"279","Kapchorwa","R561H",2021,69,0,0,NA,0,NA
"280","Kapchorwa","R561H",2022,12,0,0,NA,0,NA
"281","Kasese","P441L",2016,0,0,NA,2019,4,-3
"282","Kasese","P441L",2017,0,0,NA,2019,4,-2
"283","Kasese","P441L",2018,19,0,0,2019,4,-1
"284","Kasese","P441L",2019,61,2,0.03,2019,4,0
"285","Kasese","P441L",2020,89,2,0.02,2019,4,1
"286","Kasese","P441L",2021,76,11,0.14,2019,4,2
"287","Kasese","P441L",2022,91,14,0.15,2019,4,3
"288","Kasese","C469Y",2016,0,0,NA,2022,1,-6
"289","Kasese","C469Y",2017,0,0,NA,2022,1,-5
"290","Kasese","C469Y",2018,19,0,0,2022,1,-4
"291","Kasese","C469Y",2019,61,0,0,2022,1,-3
"292","Kasese","C469Y",2020,89,0,0,2022,1,-2
"293","Kasese","C469Y",2021,78,0,0,2022,1,-1
"294","Kasese","C469Y",2022,91,8,0.09,2022,1,0
"295","Kasese","A675V",2016,0,0,NA,2022,1,-6
"296","Kasese","A675V",2017,0,0,NA,2022,1,-5
"297","Kasese","A675V",2018,24,0,0,2022,1,-4
"298","Kasese","A675V",2019,64,0,0,2022,1,-3
"299","Kasese","A675V",2020,92,0,0,2022,1,-2
"300","Kasese","A675V",2021,75,0,0,2022,1,-1
"301","Kasese","A675V",2022,92,3,0.03,2022,1,0
"302","Kasese","C469F",2016,0,0,NA,NA,0,NA
"303","Kasese","C469F",2017,0,0,NA,NA,0,NA
"304","Kasese","C469F",2018,19,0,0,NA,0,NA
"305","Kasese","C469F",2019,39,0,0,NA,0,NA
"306","Kasese","C469F",2020,89,0,0,NA,0,NA
"307","Kasese","C469F",2021,78,0,0,NA,0,NA
"308","Kasese","C469F",2022,88,0,0,NA,0,NA
"309","Kasese","R561H",2016,0,0,NA,NA,0,NA
"310","Kasese","R561H",2017,0,0,NA,NA,0,NA
"311","Kasese","R561H",2018,17,0,0,NA,0,NA
"312","Kasese","R561H",2019,60,0,0,NA,0,NA
"313","Kasese","R561H",2020,90,0,0,NA,0,NA
"314","Kasese","R561H",2021,61,0,0,NA,0,NA
"315","Kasese","R561H",2022,85,0,0,NA,0,NA
"316","Katakwi","P441L",2016,0,0,NA,2020,1,-4
"317","Katakwi","P441L",2017,0,0,NA,2020,1,-3
"318","Katakwi","P441L",2018,40,0,0,2020,1,-2
"319","Katakwi","P441L",2019,55,0,0,2020,1,-1
"320","Katakwi","P441L",2020,87,2,0.02,2020,1,0
"321","Katakwi","P441L",2021,58,0,0,2020,1,1
"322","Katakwi","P441L",2022,78,0,0,2020,1,2
"323","Katakwi","C469Y",2016,0,0,NA,2018,5,-2
"324","Katakwi","C469Y",2017,0,0,NA,2018,5,-1
"325","Katakwi","C469Y",2018,40,2,0.05,2018,5,0
"326","Katakwi","C469Y",2019,61,3,0.05,2018,5,1
"327","Katakwi","C469Y",2020,87,12,0.14,2018,5,2
"328","Katakwi","C469Y",2021,58,7,0.12,2018,5,3
"329","Katakwi","C469Y",2022,78,18,0.23,2018,5,4
"330","Katakwi","A675V",2016,0,0,NA,2018,5,-2
"331","Katakwi","A675V",2017,0,0,NA,2018,5,-1
"332","Katakwi","A675V",2018,45,1,0.02,2018,5,0
"333","Katakwi","A675V",2019,57,6,0.11,2018,5,1
"334","Katakwi","A675V",2020,88,6,0.07,2018,5,2
"335","Katakwi","A675V",2021,58,9,0.16,2018,5,3
"336","Katakwi","A675V",2022,75,14,0.19,2018,5,4
"337","Katakwi","C469F",2016,0,0,NA,NA,0,NA
"338","Katakwi","C469F",2017,0,0,NA,NA,0,NA
"339","Katakwi","C469F",2018,40,0,0,NA,0,NA
"340","Katakwi","C469F",2019,36,0,0,NA,0,NA
"341","Katakwi","C469F",2020,86,0,0,NA,0,NA
"342","Katakwi","C469F",2021,58,0,0,NA,0,NA
"343","Katakwi","C469F",2022,68,0,0,NA,0,NA
"344","Katakwi","R561H",2016,0,0,NA,NA,0,NA
"345","Katakwi","R561H",2017,0,0,NA,NA,0,NA
"346","Katakwi","R561H",2018,40,0,0,NA,0,NA
"347","Katakwi","R561H",2019,57,0,0,NA,0,NA
"348","Katakwi","R561H",2020,86,0,0,NA,0,NA
"349","Katakwi","R561H",2021,41,0,0,NA,0,NA
"350","Katakwi","R561H",2022,62,0,0,NA,0,NA
"351","Koboko","P441L",2016,0,0,NA,NA,0,NA
"352","Koboko","P441L",2017,0,0,NA,NA,0,NA
"353","Koboko","P441L",2018,23,0,0,NA,0,NA
"354","Koboko","P441L",2019,4,0,0,NA,0,NA
"355","Koboko","P441L",2020,55,0,0,NA,0,NA
"356","Koboko","P441L",2021,47,0,0,NA,0,NA
"357","Koboko","P441L",2022,48,0,0,NA,0,NA
"358","Koboko","C469Y",2016,0,0,NA,2020,3,-4
"359","Koboko","C469Y",2017,0,0,NA,2020,3,-3
"360","Koboko","C469Y",2018,23,0,0,2020,3,-2
"361","Koboko","C469Y",2019,4,0,0,2020,3,-1
"362","Koboko","C469Y",2020,55,2,0.04,2020,3,0
"363","Koboko","C469Y",2021,46,1,0.02,2020,3,1
"364","Koboko","C469Y",2022,48,1,0.02,2020,3,2
"365","Koboko","A675V",2016,0,0,NA,2020,3,-4
"366","Koboko","A675V",2017,0,0,NA,2020,3,-3
"367","Koboko","A675V",2018,34,0,0,2020,3,-2
"368","Koboko","A675V",2019,5,0,0,2020,3,-1
"369","Koboko","A675V",2020,64,5,0.08,2020,3,0
"370","Koboko","A675V",2021,44,5,0.11,2020,3,1
"371","Koboko","A675V",2022,47,6,0.13,2020,3,2
"372","Koboko","C469F",2016,0,0,NA,NA,0,NA
"373","Koboko","C469F",2017,0,0,NA,NA,0,NA
"374","Koboko","C469F",2018,23,0,0,NA,0,NA
"375","Koboko","C469F",2019,4,0,0,NA,0,NA
"376","Koboko","C469F",2020,54,0,0,NA,0,NA
"377","Koboko","C469F",2021,46,0,0,NA,0,NA
"378","Koboko","C469F",2022,47,0,0,NA,0,NA
"379","Koboko","R561H",2016,0,0,NA,NA,0,NA
"380","Koboko","R561H",2017,0,0,NA,NA,0,NA
"381","Koboko","R561H",2018,26,0,0,NA,0,NA
"382","Koboko","R561H",2019,3,0,0,NA,0,NA
"383","Koboko","R561H",2020,62,0,0,NA,0,NA
"384","Koboko","R561H",2021,27,0,0,NA,0,NA
"385","Koboko","R561H",2022,35,0,0,NA,0,NA
"386","Kole","P441L",2016,23,0,0,NA,0,NA
"387","Kole","P441L",2017,46,0,0,NA,0,NA
"388","Kole","P441L",2018,36,0,0,NA,0,NA
"389","Kole","P441L",2019,56,0,0,NA,0,NA
"390","Kole","P441L",2020,85,0,0,NA,0,NA
"391","Kole","P441L",2021,56,0,0,NA,0,NA
"392","Kole","P441L",2022,74,0,0,NA,0,NA
"393","Kole","C469Y",2016,23,1,0.04,2016,5,0
"394","Kole","C469Y",2017,47,1,0.02,2016,5,1
"395","Kole","C469Y",2018,36,0,0,2016,5,2
"396","Kole","C469Y",2019,56,3,0.05,2016,5,3
"397","Kole","C469Y",2020,85,12,0.14,2016,5,4
"398","Kole","C469Y",2021,54,0,0,2016,5,5
"399","Kole","C469Y",2022,74,9,0.12,2016,5,6
"400","Kole","A675V",2016,26,0,0,2017,6,-1
"401","Kole","A675V",2017,47,1,0.02,2017,6,0
"402","Kole","A675V",2018,34,1,0.03,2017,6,1
"403","Kole","A675V",2019,60,2,0.03,2017,6,2
"404","Kole","A675V",2020,86,10,0.12,2017,6,3
"405","Kole","A675V",2021,58,2,0.03,2017,6,4
"406","Kole","A675V",2022,78,6,0.08,2017,6,5
"407","Kole","C469F",2016,23,0,0,NA,0,NA
"408","Kole","C469F",2017,47,0,0,NA,0,NA
"409","Kole","C469F",2018,36,0,0,NA,0,NA
"410","Kole","C469F",2019,39,0,0,NA,0,NA
"411","Kole","C469F",2020,85,0,0,NA,0,NA
"412","Kole","C469F",2021,54,0,0,NA,0,NA
"413","Kole","C469F",2022,72,0,0,NA,0,NA
"414","Kole","R561H",2016,22,0,0,NA,0,NA
"415","Kole","R561H",2017,47,0,0,NA,0,NA
"416","Kole","R561H",2018,36,0,0,NA,0,NA
"417","Kole","R561H",2019,57,0,0,NA,0,NA
"418","Kole","R561H",2020,84,0,0,NA,0,NA
"419","Kole","R561H",2021,42,0,0,NA,0,NA
"420","Kole","R561H",2022,37,0,0,NA,0,NA
"421","Lamwo","P441L",2016,33,0,0,NA,0,NA
"422","Lamwo","P441L",2017,42,0,0,NA,0,NA
"423","Lamwo","P441L",2018,34,0,0,NA,0,NA
"424","Lamwo","P441L",2019,49,0,0,NA,0,NA
"425","Lamwo","P441L",2020,84,0,0,NA,0,NA
"426","Lamwo","P441L",2021,58,0,0,NA,0,NA
"427","Lamwo","P441L",2022,53,0,0,NA,0,NA
"428","Lamwo","C469Y",2016,33,3,0.09,2016,7,0
"429","Lamwo","C469Y",2017,44,3,0.07,2016,7,1
"430","Lamwo","C469Y",2018,34,8,0.24,2016,7,2
"431","Lamwo","C469Y",2019,50,5,0.1,2016,7,3
"432","Lamwo","C469Y",2020,84,28,0.33,2016,7,4
"433","Lamwo","C469Y",2021,51,16,0.31,2016,7,5
"434","Lamwo","C469Y",2022,53,11,0.21,2016,7,6
"435","Lamwo","A675V",2016,37,2,0.05,2016,7,0
"436","Lamwo","A675V",2017,44,5,0.11,2016,7,1
"437","Lamwo","A675V",2018,36,1,0.03,2016,7,2
"438","Lamwo","A675V",2019,49,6,0.12,2016,7,3
"439","Lamwo","A675V",2020,84,16,0.19,2016,7,4
"440","Lamwo","A675V",2021,53,12,0.23,2016,7,5
"441","Lamwo","A675V",2022,53,8,0.15,2016,7,6
"442","Lamwo","C469F",2016,31,0,0,NA,0,NA
"443","Lamwo","C469F",2017,43,0,0,NA,0,NA
"444","Lamwo","C469F",2018,31,0,0,NA,0,NA
"445","Lamwo","C469F",2019,31,0,0,NA,0,NA
"446","Lamwo","C469F",2020,84,0,0,NA,0,NA
"447","Lamwo","C469F",2021,51,0,0,NA,0,NA
"448","Lamwo","C469F",2022,46,0,0,NA,0,NA
"449","Lamwo","R561H",2016,32,0,0,NA,0,NA
"450","Lamwo","R561H",2017,44,0,0,NA,0,NA
"451","Lamwo","R561H",2018,31,0,0,NA,0,NA
"452","Lamwo","R561H",2019,50,0,0,NA,0,NA
"453","Lamwo","R561H",2020,84,0,0,NA,0,NA
"454","Lamwo","R561H",2021,42,0,0,NA,0,NA
"455","Lamwo","R561H",2022,37,0,0,NA,0,NA
"456","Mubende","P441L",2016,22,0,0,2020,3,-4
"457","Mubende","P441L",2017,45,0,0,2020,3,-3
"458","Mubende","P441L",2018,38,0,0,2020,3,-2
"459","Mubende","P441L",2019,22,0,0,2020,3,-1
"460","Mubende","P441L",2020,88,1,0.01,2020,3,0
"461","Mubende","P441L",2021,19,1,0.05,2020,3,1
"462","Mubende","P441L",2022,52,6,0.12,2020,3,2
"463","Mubende","C469Y",2016,26,0,0,2017,2,-1
"464","Mubende","C469Y",2017,46,1,0.02,2017,2,0
"465","Mubende","C469Y",2018,36,0,0,2017,2,1
"466","Mubende","C469Y",2019,22,0,0,2017,2,2
"467","Mubende","C469Y",2020,88,3,0.03,2017,2,3
"468","Mubende","C469Y",2021,19,0,0,2017,2,4
"469","Mubende","C469Y",2022,52,0,0,2017,2,5
"470","Mubende","A675V",2016,28,0,0,2020,2,-4
"471","Mubende","A675V",2017,46,0,0,2020,2,-3
"472","Mubende","A675V",2018,41,0,0,2020,2,-2
"473","Mubende","A675V",2019,24,0,0,2020,2,-1
"474","Mubende","A675V",2020,87,6,0.07,2020,2,0
"475","Mubende","A675V",2021,19,0,0,2020,2,1
"476","Mubende","A675V",2022,53,6,0.11,2020,2,2
"477","Mubende","C469F",2016,26,0,0,2018,1,-2
"478","Mubende","C469F",2017,45,0,0,2018,1,-1
"479","Mubende","C469F",2018,38,4,0.11,2018,1,0
"480","Mubende","C469F",2019,22,0,0,2018,1,1
"481","Mubende","C469F",2020,88,0,0,2018,1,2
"482","Mubende","C469F",2021,19,0,0,2018,1,3
"483","Mubende","C469F",2022,52,0,0,2018,1,4
"484","Mubende","R561H",2016,26,0,0,NA,0,NA
"485","Mubende","R561H",2017,46,0,0,NA,0,NA
"486","Mubende","R561H",2018,38,0,0,NA,0,NA
"487","Mubende","R561H",2019,21,0,0,NA,0,NA
"488","Mubende","R561H",2020,88,0,0,NA,0,NA
"489","Mubende","R561H",2021,16,0,0,NA,0,NA
"490","Mubende","R561H",2022,53,0,0,NA,0,NA
"491","Rukiga","P441L",2016,35,0,0,2021,1,-5
"492","Rukiga","P441L",2017,0,0,NA,2021,1,-4
"493","Rukiga","P441L",2018,0,0,NA,2021,1,-3
"494","Rukiga","P441L",2019,26,0,0,2021,1,-2
"495","Rukiga","P441L",2020,39,0,0,2021,1,-1
"496","Rukiga","P441L",2021,83,1,0.01,2021,1,0
"497","Rukiga","P441L",2022,60,0,0,2021,1,1
"498","Rukiga","C469Y",2016,35,0,0,2022,1,-6
"499","Rukiga","C469Y",2017,0,0,NA,2022,1,-5
"500","Rukiga","C469Y",2018,0,0,NA,2022,1,-4
"501","Rukiga","C469Y",2019,26,0,0,2022,1,-3
"502","Rukiga","C469Y",2020,39,0,0,2022,1,-2
"503","Rukiga","C469Y",2021,72,0,0,2022,1,-1
"504","Rukiga","C469Y",2022,46,1,0.02,2022,1,0
"505","Rukiga","A675V",2016,42,0,0,2019,4,-3
"506","Rukiga","A675V",2017,0,0,NA,2019,4,-2
"507","Rukiga","A675V",2018,0,0,NA,2019,4,-1
"508","Rukiga","A675V",2019,21,1,0.05,2019,4,0
"509","Rukiga","A675V",2020,39,1,0.03,2019,4,1
"510","Rukiga","A675V",2021,82,2,0.02,2019,4,2
"511","Rukiga","A675V",2022,59,3,0.05,2019,4,3
"512","Rukiga","C469F",2016,42,8,0.19,2016,4,0
"513","Rukiga","C469F",2017,0,0,NA,2016,4,1
"514","Rukiga","C469F",2018,0,0,NA,2016,4,2
"515","Rukiga","C469F",2019,14,0,0,2016,4,3
"516","Rukiga","C469F",2020,39,11,0.28,2016,4,4
"517","Rukiga","C469F",2021,72,29,0.4,2016,4,5
"518","Rukiga","C469F",2022,60,23,0.38,2016,4,6
"519","Rukiga","R561H",2016,41,0,0,2021,2,-5
"520","Rukiga","R561H",2017,0,0,NA,2021,2,-4
"521","Rukiga","R561H",2018,0,0,NA,2021,2,-3
"522","Rukiga","R561H",2019,23,0,0,2021,2,-2
"523","Rukiga","R561H",2020,39,0,0,2021,2,-1
"524","Rukiga","R561H",2021,67,11,0.16,2021,2,0
"525","Rukiga","R561H",2022,53,12,0.23,2021,2,1
"526","Tororo","P441L",2016,34,0,0,NA,0,NA
"527","Tororo","P441L",2017,48,0,0,NA,0,NA
"528","Tororo","P441L",2018,31,0,0,NA,0,NA
"529","Tororo","P441L",2019,71,0,0,NA,0,NA
"530","Tororo","P441L",2020,40,0,0,NA,0,NA
"531","Tororo","P441L",2021,74,0,0,NA,0,NA
"532","Tororo","P441L",2022,51,0,0,NA,0,NA
"533","Tororo","C469Y",2016,34,0,0,2021,2,-5
"534","Tororo","C469Y",2017,48,0,0,2021,2,-4
"535","Tororo","C469Y",2018,31,0,0,2021,2,-3
"536","Tororo","C469Y",2019,71,0,0,2021,2,-2
"537","Tororo","C469Y",2020,40,0,0,2021,2,-1
"538","Tororo","C469Y",2021,73,3,0.04,2021,2,0
"539","Tororo","C469Y",2022,51,5,0.1,2021,2,1
"540","Tororo","A675V",2016,37,0,0,2017,3,-1
"541","Tororo","A675V",2017,48,1,0.02,2017,3,0
"542","Tororo","A675V",2018,43,0,0,2017,3,1
"543","Tororo","A675V",2019,73,0,0,2017,3,2
"544","Tororo","A675V",2020,41,0,0,2017,3,3
"545","Tororo","A675V",2021,74,3,0.04,2017,3,4
"546","Tororo","A675V",2022,57,9,0.16,2017,3,5
"547","Tororo","C469F",2016,35,1,0.03,2016,2,0
"548","Tororo","C469F",2017,48,1,0.02,2016,2,1
"549","Tororo","C469F",2018,31,0,0,2016,2,2
"550","Tororo","C469F",2019,44,0,0,2016,2,3
"551","Tororo","C469F",2020,40,0,0,2016,2,4
"552","Tororo","C469F",2021,73,0,0,2016,2,5
"553","Tororo","C469F",2022,48,0,0,2016,2,6
"554","Tororo","R561H",2016,34,0,0,NA,0,NA
"555","Tororo","R561H",2017,48,0,0,NA,0,NA
"556","Tororo","R561H",2018,32,0,0,NA,0,NA
"557","Tororo","R561H",2019,70,0,0,NA,0,NA
"558","Tororo","R561H",2020,41,0,0,NA,0,NA
"559","Tororo","R561H",2021,66,0,0,NA,0,NA
"560","Tororo","R561H",2022,39,0,0,NA,0,NA
